"","CMIE Expr","CMIE Expr","CMIE Expr","CMIE Expr","CMIE Expr","CMIE Expr","CMIE Expr","CMIE Expr","CMIE Expr","CMIE Expr","CMIE Expr","CMIE Expr","CMIE Expr","CMIE Expr","CMIE Expr","CMIE Expr","CMIE Expr","CMIE Expr","CMIE Expr","CMIE Expr","CMIE Expr","CMIE Expr","CMIE Expr","CMIE Expr","CMIE Expr","CMIE Expr","CMIE Expr","CMIE Expr","CMIE Expr","CMIE Expr","CMIE Expr","CMIE Expr","CMIE Expr","CMIE Expr","CMIE Expr","CMIE Expr","CMIE Expr","CMIE Expr","CMIE Expr","CMIE Expr","CMIE Expr","CMIE Expr","CMIE Expr","CMIE Expr","CMIE Expr","CMIE Expr","CMIE Expr","CMIE Expr","CMIE Expr","CMIE Expr","CMIE Expr","CMIE Expr","CMIE Expr","CMIE Expr","CMIE Expr","CMIE Expr","CMIE Expr","CMIE Expr","CMIE Expr","CMIE Expr","CMIE Expr","CMIE Expr","CMIE Expr","CMIE Expr","CMIE Expr","CMIE Expr","CMIE Expr","CMIE Expr","CMIE Expr","CMIE Expr","CMIE Expr","CMIE Expr","CMIE Expr","CMIE Expr","CMIE Expr","CMIE Expr","CMIE Expr","CMIE Expr","CMIE Expr","CMIE Expr","CMIE Expr","CMIE Expr","CMIE Expr","CMIE Expr","CMIE Expr","CMIE Expr","CMIE Expr","CMIE Expr","CMIE Expr","CMIE Expr","CMIE Expr","CMIE Expr","CMIE Expr","CMIE Expr","CMIE Expr","CMIE Expr","CMIE Expr","CMIE Expr","CMIE Expr","CMIE Expr","CMIE Expr","CMIE Expr","CMIE Expr","CMIE Expr","CMIE Expr","CMIE Expr","CMIE Expr","CMIE Expr","CMIE Expr","CMIE Expr","CMIE Expr","CMIE Expr","CMIE Expr","CMIE Expr","CMIE Expr","CMIE Expr","CMIE Expr","CMIE Expr","CMIE Expr","CMIE Expr","CMIE Expr","CMIE Expr","CMIE Expr","CMIE Expr","CMIE Expr","CMIE Expr","CMIE Expr","CMIE Expr","CMIE Expr","CMIE Expr","CMIE Expr","CMIE Expr","CMIE Expr","CMIE Expr","CMIE Expr","CMIE Expr","CMIE Expr","CMIE Expr","CMIE Expr","CMIE Expr","CMIE Expr","CMIE Expr","CMIE Expr","CMIE Expr","CMIE Expr","CMIE Expr","CMIE Expr","CMIE Expr","CMIE Expr","CMIE Expr","CMIE Expr","CMIE Expr","CMIE Expr"
"","","","","","","","","","","","","","","","","","","","","","","","","","","","","","","","","","","","","","","","","","","","","","","","","","","","","","","","","","","","","","","","","","","","","","","","","","","","","","","","","","","","","","","","","","","","","","","","","","","","","","","","","","","","","","","","","","","","","","","","","","","","","","","","","","","","","","","","","","","","","","","","","","","","","","","","","",""
"","Quarterly Interim Standalone","Quarterly Interim Standalone","Quarterly Interim Standalone","Quarterly Interim Standalone","Quarterly Interim Standalone","Quarterly Interim Standalone","Quarterly Interim Standalone","Quarterly Interim Standalone","Quarterly Interim Standalone","Quarterly Interim Standalone","Quarterly Interim Standalone","Quarterly Interim Standalone","Quarterly Interim Standalone","Quarterly Interim Standalone","Quarterly Interim Standalone","Quarterly Interim Standalone","Quarterly Interim Standalone","Quarterly Interim Standalone","Quarterly Interim Standalone","Quarterly Interim Standalone","Quarterly Interim Standalone","Quarterly Interim Standalone","Quarterly Interim Standalone","Quarterly Interim Standalone","Quarterly Interim Standalone","Quarterly Interim Standalone","Quarterly Interim Standalone","Quarterly Interim Standalone","Quarterly Interim Standalone","Quarterly Interim Standalone","Quarterly Interim Standalone","Quarterly Interim Standalone","Quarterly Interim Standalone","Quarterly Interim Standalone","Quarterly Interim Standalone","Quarterly Interim Standalone","Quarterly Interim Standalone","Quarterly Interim Standalone","Quarterly Interim Standalone","Quarterly Interim Standalone","Quarterly Interim Standalone","Quarterly Interim Standalone","Quarterly Interim Standalone","Quarterly Interim Standalone","Quarterly Interim Standalone","Quarterly Interim Standalone","Quarterly Interim Standalone","Quarterly Interim Standalone","Quarterly Interim Standalone","Quarterly Interim Standalone","Quarterly Interim Standalone","Quarterly Interim Standalone","Quarterly Interim Standalone","Quarterly Interim Standalone","Quarterly Interim Standalone","Quarterly Interim Standalone","Quarterly Interim Standalone","Quarterly Interim Standalone","Quarterly Interim Standalone","Quarterly Interim Standalone","Quarterly Interim Standalone","Quarterly Interim Standalone","Quarterly Interim Standalone","Quarterly Interim Standalone","Quarterly Interim Standalone","Quarterly Interim Standalone","Quarterly Interim Standalone","Quarterly Interim Standalone","Quarterly Interim Standalone","Quarterly Interim Standalone","Quarterly Interim Standalone","Quarterly Interim Standalone","Quarterly Interim Standalone","Quarterly Interim Standalone","Quarterly Interim Standalone","Quarterly Interim Standalone","Quarterly Interim Standalone","Quarterly Interim Standalone","Quarterly Interim Standalone","Quarterly Interim Standalone","Quarterly Interim Standalone","Quarterly Interim Standalone","Quarterly Interim Standalone","Quarterly Interim Standalone","Quarterly Interim Standalone","Quarterly Interim Standalone","Quarterly Interim Standalone","Quarterly Interim Standalone","Quarterly Interim Standalone","Quarterly Interim Standalone","Quarterly Interim Standalone","Quarterly Interim Standalone","Quarterly Interim Standalone","Quarterly Interim Standalone","Quarterly Interim Standalone","Quarterly Interim Standalone","Quarterly Interim Standalone","Quarterly Interim Standalone","Quarterly Interim Standalone","Quarterly Interim Standalone","Quarterly Interim Standalone","Quarterly Interim Standalone","Quarterly Interim Standalone","Quarterly Interim Standalone","Quarterly Interim Standalone","Quarterly Interim Standalone","Quarterly Interim Standalone","Quarterly Interim Standalone","Quarterly Interim Standalone","Quarterly Interim Standalone","Quarterly Interim Standalone","Quarterly Interim Standalone","Quarterly Interim Standalone","Quarterly Interim Standalone","Quarterly Interim Standalone","Quarterly Interim Standalone","Quarterly Interim Standalone","Quarterly Interim Standalone","Quarterly Interim Standalone","Quarterly Interim Standalone","Quarterly Interim Standalone","Quarterly Interim Standalone","Quarterly Interim Standalone","Quarterly Interim Standalone","Quarterly Interim Standalone","Quarterly Interim Standalone","Quarterly Interim Standalone","Quarterly Interim Standalone","Quarterly Interim Standalone","Quarterly Interim Standalone","Quarterly Interim Standalone","Quarterly Interim Standalone","Quarterly Interim Standalone","Quarterly Interim Standalone","Quarterly Interim Standalone","Quarterly Interim Standalone","Quarterly Interim Standalone","Quarterly Interim Standalone","Quarterly Interim Standalone","Quarterly Interim Standalone","Quarterly Interim Standalone","Quarterly Interim Standalone","Quarterly Interim Standalone","Quarterly Interim Standalone","Quarterly Interim Standalone","Quarterly Interim Standalone","Quarterly Interim Standalone","Quarterly Interim Standalone","Quarterly Interim Standalone","Quarterly Interim Standalone","Quarterly Interim Standalone","Quarterly Interim Standalone","Quarterly Interim Standalone"
"","Date","Mths","Text","Rs. Crore","Rs. Crore","Rs. Crore","Rs. Crore","Rs. Crore","Rs. Crore","Rs. Crore","Rs. Crore","Rs. Crore","Rs. Crore","Rs. Crore","Rs. Crore","Rs. Crore","Rs. Crore","Rs. Crore","Rs. Crore","Rs. Crore","Rs. Crore","Rs. Crore","Rs. Crore","Rs. Crore","Rs. Crore","Rs. Crore","Rs. Crore","Rs. Crore","Rs. Crore","Rs. Crore","Rs. Crore","(%)","Rs. Crore","Rs. Crore","Rs. Crore","Rs. Crore","Rs. Crore","Rs. Crore","Rs. Crore","Rs. Crore","Rs. Crore","Rs. Crore","Rs. Crore","Rs. Crore","Rs. Crore","Rs. Crore","Rs. Crore","Rs. Crore","Rs. Crore","Rs. Crore","(%)","Date","Mths","Text","Rs. Crore","Rs. Crore","Rs. Crore","Rs. Crore","Rs. Crore","Rs. Crore","Rs. Crore","Rs. Crore","Rs. Crore","Rs. Crore","Rs. Crore","Rs. Crore","Rs. Crore","Rs. Crore","Rs. Crore","Rs. Crore","Rs. Crore","Rs. Crore","Rs. Crore","Rs. Crore","Rs. Crore","Rs. Crore","Rs. Crore","Rs. Crore","Rs. Crore","Rs. Crore","Rs. Crore","Rs. Crore","(%)","Rs. Crore","Rs. Crore","Rs. Crore","Rs. Crore","Rs. Crore","Rs. Crore","Rs. Crore","Rs. Crore","Rs. Crore","Rs. Crore","Rs. Crore","Rs. Crore","Rs. Crore","Rs. Crore","Rs. Crore","Rs. Crore","Rs. Crore","Rs. Crore","(%)","Date","Mths","Text","Rs. Crore","Rs. Crore","Rs. Crore","Rs. Crore","Rs. Crore","Rs. Crore","Rs. Crore","Rs. Crore","Rs. Crore","Rs. Crore","Rs. Crore","Rs. Crore","Rs. Crore","Rs. Crore","Rs. Crore","Rs. Crore","Rs. Crore","Rs. Crore","Rs. Crore","Rs. Crore","Rs. Crore","Rs. Crore","Rs. Crore","Rs. Crore","Rs. Crore","Rs. Crore","Rs. Crore","Rs. Crore","(%)","Rs. Crore","Rs. Crore","Rs. Crore","Rs. Crore","Rs. Crore","Rs. Crore","Rs. Crore","Rs. Crore","Rs. Crore","Rs. Crore","Rs. Crore","Rs. Crore","Rs. Crore","Rs. Crore","Rs. Crore","Rs. Crore","Rs. Crore","Rs. Crore","(%)"
"","Jun 2025","Jun 2025","Jun 2025","Jun 2025","Jun 2025","Jun 2025","Jun 2025","Jun 2025","Jun 2025","Jun 2025","Jun 2025","Jun 2025","Jun 2025","Jun 2025","Jun 2025","Jun 2025","Jun 2025","Jun 2025","Jun 2025","Jun 2025","Jun 2025","Jun 2025","Jun 2025","Jun 2025","Jun 2025","Jun 2025","Jun 2025","Jun 2025","Jun 2025","Jun 2025","Jun 2025","Jun 2025","Jun 2025","Jun 2025","Jun 2025","Jun 2025","Jun 2025","Jun 2025","Jun 2025","Jun 2025","Jun 2025","Jun 2025","Jun 2025","Jun 2025","Jun 2025","Jun 2025","Jun 2025","Jun 2025","Jun 2025","Jun 2025","Jun 2025","Sep 2025","Sep 2025","Sep 2025","Sep 2025","Sep 2025","Sep 2025","Sep 2025","Sep 2025","Sep 2025","Sep 2025","Sep 2025","Sep 2025","Sep 2025","Sep 2025","Sep 2025","Sep 2025","Sep 2025","Sep 2025","Sep 2025","Sep 2025","Sep 2025","Sep 2025","Sep 2025","Sep 2025","Sep 2025","Sep 2025","Sep 2025","Sep 2025","Sep 2025","Sep 2025","Sep 2025","Sep 2025","Sep 2025","Sep 2025","Sep 2025","Sep 2025","Sep 2025","Sep 2025","Sep 2025","Sep 2025","Sep 2025","Sep 2025","Sep 2025","Sep 2025","Sep 2025","Sep 2025","Sep 2025","Sep 2025","Sep 2025","Sep 2025","Sep 2025","Dec 2025","Dec 2025","Dec 2025","Dec 2025","Dec 2025","Dec 2025","Dec 2025","Dec 2025","Dec 2025","Dec 2025","Dec 2025","Dec 2025","Dec 2025","Dec 2025","Dec 2025","Dec 2025","Dec 2025","Dec 2025","Dec 2025","Dec 2025","Dec 2025","Dec 2025","Dec 2025","Dec 2025","Dec 2025","Dec 2025","Dec 2025","Dec 2025","Dec 2025","Dec 2025","Dec 2025","Dec 2025","Dec 2025","Dec 2025","Dec 2025","Dec 2025","Dec 2025","Dec 2025","Dec 2025","Dec 2025","Dec 2025","Dec 2025","Dec 2025","Dec 2025","Dec 2025","Dec 2025","Dec 2025","Dec 2025","Dec 2025","Dec 2025","Dec 2025"
"Company Name","Date","Months","Source","Total income from continuing operations","Net sales","Interest/discounts on advances/bills (For banks only)","Income from investments (For banks only)","Other income & extra-ordinary income","Other income","Extra-ordinary income","Gross sales","Indirect taxes","Sales and other income","Other income and deferred tax","Change in stock","Total expenses","Raw materials, stocks, spares, purchase of finished goods","Salaries and wages","Total other expenses","Extra-ordinary expenses","Interest expenses","Depreciation","Provisions and contingencies","Operating expenses","Operating expenses of banking cos","Other operating expenses","Extraordinary items (net of tax exp)","Net Profit/(Loss) for the period from continuing operations (after tax)","Share of minority interest","Paid up capital","Reserves","Dividend rate","Minority interest reserves","Borrowings","Other long term liabilities","Current liabilities","Long term provisions","Short term provisions","Deferred tax liability","Net fixed assets","Goodwill on consolidation","Capital work in progress","Long term investments","Short term investments","Other non-current assets","Current assets & loans and advances","Other assets","Net cash inflow or (outflow) from operating activities - Indirect method","Net cash inflow or (outflow) from financing activities","Cash and cash equivalents as at the end of the period","Net Interest Margin","Date","Months","Source","Total income from continuing operations","Net sales","Interest/discounts on advances/bills (For banks only)","Income from investments (For banks only)","Other income & extra-ordinary income","Other income","Extra-ordinary income","Gross sales","Indirect taxes","Sales and other income","Other income and deferred tax","Change in stock","Total expenses","Raw materials, stocks, spares, purchase of finished goods","Salaries and wages","Total other expenses","Extra-ordinary expenses","Interest expenses","Depreciation","Provisions and contingencies","Operating expenses","Operating expenses of banking cos","Other operating expenses","Extraordinary items (net of tax exp)","Net Profit/(Loss) for the period from continuing operations (after tax)","Share of minority interest","Paid up capital","Reserves","Dividend rate","Minority interest reserves","Borrowings","Other long term liabilities","Current liabilities","Long term provisions","Short term provisions","Deferred tax liability","Net fixed assets","Goodwill on consolidation","Capital work in progress","Long term investments","Short term investments","Other non-current assets","Current assets & loans and advances","Other assets","Net cash inflow or (outflow) from operating activities - Indirect method","Net cash inflow or (outflow) from financing activities","Cash and cash equivalents as at the end of the period","Net Interest Margin","Date","Months","Source","Total income from continuing operations","Net sales","Interest/discounts on advances/bills (For banks only)","Income from investments (For banks only)","Other income & extra-ordinary income","Other income","Extra-ordinary income","Gross sales","Indirect taxes","Sales and other income","Other income and deferred tax","Change in stock","Total expenses","Raw materials, stocks, spares, purchase of finished goods","Salaries and wages","Total other expenses","Extra-ordinary expenses","Interest expenses","Depreciation","Provisions and contingencies","Operating expenses","Operating expenses of banking cos","Other operating expenses","Extraordinary items (net of tax exp)","Net Profit/(Loss) for the period from continuing operations (after tax)","Share of minority interest","Paid up capital","Reserves","Dividend rate","Minority interest reserves","Borrowings","Other long term liabilities","Current liabilities","Long term provisions","Short term provisions","Deferred tax liability","Net fixed assets","Goodwill on consolidation","Capital work in progress","Long term investments","Short term investments","Other non-current assets","Current assets & loans and advances","Other assets","Net cash inflow or (outflow) from operating activities - Indirect method","Net cash inflow or (outflow) from financing activities","Cash and cash equivalents as at the end of the period","Net Interest Margin"
"A U Small Finance Bank Ltd.","30-06-2025","3","ITR","5189.050000","4378.440000","3664.920000","644.960000","810.610000","810.610000","","","","5189.050000","810.610000","","4608.190000","","865.530000","677.530000","","2333.770000","","731.360000","1543.060000","3876.830000","677.530000","","580.860000","","745.190000","","","","","","","","","","","","","","","","","","","","","5.400000","30-09-2025","3","ITR","5223.860000","4511.280000","3786.230000","644.400000","712.580000","712.580000","","","","5223.860000","712.580000","","4662.990000","","918.710000","728.560000","","2366.870000","","648.850000","1647.270000","4014.140000","728.560000","","560.870000","","746.110000","","","","10319.040000","","","","","","1322.260000","","","","","","123009.810000","2827.690000","656.660000","-1352.240000","7304.820000","5.500000","31-12-2025","3","ITR","5451.270000","4727.470000","4016.360000","650.040000","723.800000","723.800000","","","","5451.270000","723.800000","","4783.610000","","999.200000","830.750000","19.810000","2386.200000","","547.650000","1829.950000","4216.150000","830.750000","-19.810000","667.660000","","747.180000","","","","","","","","","","","","","","","","","","","","","5.700000"
"Aavas Financiers Ltd.","30-06-2025","3","ITR","627.930000","627.560000","","","0.370000","0.370000","","","","627.930000","0.370000","","488.700000","","110.710000","46.150000","","271.350000","9.340000","51.150000","156.860000","437.550000","55.490000","","139.230000","","","","","","","","","","","","","","","","","","","","","","","7.480000","30-09-2025","3","ITR","667.440000","667.010000","","","0.430000","0.430000","","","","667.440000","0.430000","","503.510000","","112.950000","49.060000","","275.540000","10.710000","55.250000","162.010000","448.260000","59.770000","","163.930000","","","","","","14412.630000","","243.350000","","","83.140000","148.820000","","8.110000","","","","19075.100000","","-126.660000","470.550000","179.420000","8.040000","31-12-2025","3","ITR","674.610000","674.190000","","","0.420000","0.420000","","","","674.610000","0.420000","","504.560000","","111.700000","47.650000","2.500000","274.480000","11.110000","57.120000","159.350000","444.940000","58.760000","-2.500000","170.050000","","","","","","","","","","","","","","","","","","","","","","","7.820000"
"Aptus Value Housing Finance India Ltd.","30-06-2025","3","ITR","365.820000","355.670000","","","10.150000","10.150000","","","","365.820000","10.150000","","211.090000","","33.280000","8.830000","","113.130000","3.090000","52.760000","42.110000","158.330000","11.920000","","154.730000","","99.980000","","","","","","","","","","","","","","","","","","","","","13.400000","30-09-2025","3","ITR","416.070000","380.980000","","","35.090000","35.090000","","","","416.070000","35.090000","","214.210000","","30.620000","10.880000","","115.020000","3.070000","54.620000","41.500000","159.590000","13.950000","","201.860000","","100.130000","","","","4965.480000","","39.220000","","","","35.770000","","","","","","8607.750000","56.040000","194.130000","-2.890000","185.470000","13.400000","31-12-2025","3","ITR","385.440000","370.290000","","","15.150000","15.150000","","","","385.440000","15.990000","","225.620000","","49.630000","8.190000","","109.520000","3.190000","55.090000","57.820000","170.530000","11.380000","","159.820000","","100.130000","","","","","","","","","","","","","","","","","","","","",""
"Axis Bank Ltd.","30-06-2025","3","ITR","38321.570000","31063.510000","24408.100000","6142.950000","7258.060000","7258.060000","","","","38321.570000","7258.060000","","32515.430000","","3261.750000","6040.900000","","17503.760000","","5709.020000","9302.650000","26806.410000","6040.900000","","5806.140000","","620.240000","","","","180970.810000","","","","","","6372.370000","","","","","","1159046.500000","77248.210000","","","","3.800000","30-09-2025","3","ITR","37594.810000","30970.230000","24424.200000","5891.680000","6624.580000","6624.580000","","","","37594.810000","6624.580000","","32505.170000","","3117.630000","6838.970000","","17225.680000","","5322.890000","9956.600000","27182.280000","6838.970000","","5089.640000","","620.580000","","","","199506.020000","","","","","","6413.460000","","","","","","1199938.510000","78411.580000","-11616.520000","15384.210000","83235.500000","3.730000","31-12-2025","3","ITR","38500.060000","32274.400000","25163.400000","6555.910000","6225.660000","6225.660000","","","","38500.060000","6225.660000","","32010.490000","","2771.790000","6864.730000","","17987.840000","","4386.130000","9636.520000","27624.360000","6864.730000","","6489.570000","","621.020000","","","","217866.350000","","","","","","6328.650000","","","","","","1259162.190000","68251.120000","","","","3.640000"
"Bandhan Bank Ltd.","30-06-2025","3","ITR","6201.490000","5475.610000","4732.370000","658.780000","725.880000","725.880000","","","","6201.490000","725.880000","","5829.530000","","1123.610000","691.110000","","2718.370000","","1296.440000","1814.720000","4533.090000","691.110000","","371.960000","","1610.970000","","","","","","","","","","","","","","","","","","","","","6.400000","30-09-2025","3","ITR","5900.270000","5353.830000","4475.380000","694.210000","546.440000","546.440000","","","","5900.270000","546.440000","","5788.400000","","1077.270000","747.380000","","2765.270000","","1198.480000","1824.650000","4589.920000","747.380000","","111.870000","","1610.970000","","","","8118.060000","","","","","","1196.670000","","","","","","140937.770000","7203.940000","-1588.770000","-3262.080000","6343.470000","5.800000","31-12-2025","3","ITR","6122.250000","5431.240000","4684.930000","682.920000","691.010000","691.010000","","","","6122.250000","691.010000","","5916.660000","","1013.070000","800.840000","120.390000","2742.940000","","1239.420000","1813.910000","4556.850000","800.840000","-120.390000","205.590000","","1610.970000","","","","","","","","","","","","","","","","","","","","","5.900000"
"Bank Of Baroda","30-06-2025","3","ITR","35766.020000","31091.490000","23636.060000","6320.780000","4674.530000","4674.530000","","","","35766.020000","4674.530000","","31224.660000","","4307.720000","3565.120000","","19656.710000","","3695.110000","7872.840000","27529.550000","3565.120000","","4541.360000","","1035.530000","","","","119881.080000","","","","","","12178.900000","","","","","","1318419.430000","51833.480000","","","","2.910000","30-09-2025","3","ITR","35025.760000","31510.810000","23504.870000","6376.000000","3514.950000","3514.950000","","","","35025.760000","3514.950000","","30216.370000","","4060.720000","3831.890000","","19557.200000","","2766.560000","7892.610000","27449.810000","3831.890000","","4809.390000","","1035.530000","","","","133935.460000","","","","","","12072.020000","","","","","","1377274.510000","49363.310000","943.470000","-7280.140000","118937.610000","2.960000","31-12-2025","3","ITR","35349.910000","31749.510000","24056.170000","6261.960000","3600.400000","3600.400000","","","","35349.910000","3600.400000","","30295.280000","","4111.160000","3912.520000","","19949.110000","","2322.490000","8023.680000","27972.790000","3912.520000","","5054.630000","","1035.530000","","","","128911.870000","","","","","","11739.030000","","","","","","1462808.610000","47651.490000","","","","2.790000"
"Bank Of India","30-06-2025","3","ITR","20518.290000","18352.190000","12792.280000","4623.610000","2166.100000","2166.100000","","","","20518.290000","2166.100000","","18266.170000","","2396.190000","1828.640000","","12284.080000","","1757.260000","4224.830000","16508.910000","1828.640000","","2252.120000","","4553.410000","","","","127663.490000","","","","","","11974.250000","","","","","","762091.740000","21570.230000","","","","2.550000","30-09-2025","3","ITR","20625.920000","18406.090000","12944.490000","4530.150000","2219.830000","2219.830000","","","","20625.920000","2219.830000","","18071.350000","","2452.320000","1860.430000","","12492.320000","","1266.280000","4312.750000","16805.070000","1860.430000","","2554.570000","","4553.410000","","","","117931.800000","","","","","","11715.760000","","","","","","782751.160000","22091.730000","-10427.020000","-2811.750000","87090.720000","2.410000","31-12-2025","3","ITR","21205.950000","18927.130000","13680.610000","4435.960000","2278.820000","2278.820000","","","","21205.950000","2278.820000","","18501.280000","","2651.820000","1894.900000","","12466.440000","","1488.120000","4546.720000","17013.160000","1894.900000","","2704.670000","","4553.410000","","","","106073.890000","","","","","","11749.360000","","","","","","806961.040000","20898.940000","","","","2.570000"
"Bank Of Maharashtra","30-06-2025","3","ITR","7878.820000","7053.910000","5407.390000","1492.710000","824.910000","824.910000","","","","7878.820000","824.910000","","6286.060000","","880.340000","666.350000","","3762.190000","","977.180000","1546.690000","5308.880000","666.350000","","1592.760000","","7691.550000","18903.460000","","","23729.630000","","","","","","2893.680000","","","","","","264076.630000","6543.470000","","","","3.950000","30-09-2025","3","ITR","7973.610000","7128.380000","5450.710000","1633.820000","845.230000","845.230000","","","","7973.610000","845.230000","","6340.470000","","822.060000","696.490000","","3880.810000","","941.110000","1518.550000","5399.360000","696.490000","","1633.140000","","7691.550000","18903.460000","","","24923.650000","","","","","","2904.370000","","","","","","268126.930000","6275.570000","-22528.180000","-1497.070000","17938.800000","3.850000","31-12-2025","3","ITR","8277.060000","7344.200000","5647.100000","1650.950000","932.860000","932.860000","","","","8277.060000","932.860000","","6497.730000","","797.860000","821.710000","","3921.920000","","956.240000","1619.570000","5541.490000","821.710000","","1779.330000","","7691.550000","18903.460000","10.000000","","30358.130000","","","","","","2857.940000","","","","","","280347.600000","7018.800000","","","","3.860000"
"C S B Bank Ltd.","30-06-2025","3","ITR","1285.650000","1040.940000","845.100000","187.370000","244.710000","244.710000","","","","1285.650000","244.710000","","1167.050000","","221.050000","182.760000","","661.530000","","101.710000","403.810000","1065.340000","182.760000","","118.600000","","173.540000","","","","","","","","","","","","","","","","","","","","","3.540000","30-09-2025","3","ITR","1458.360000","1109.160000","914.370000","186.970000","349.200000","349.200000","","","","1458.360000","349.200000","","1298.030000","","228.140000","265.320000","","685.600000","","118.970000","493.460000","1179.060000","265.320000","","160.330000","","173.540000","","","","4326.500000","","","","","","671.340000","","","","","","37690.230000","859.790000","1578.630000","-1219.790000","3428.600000","3.810000","31-12-2025","3","ITR","1430.710000","1154.230000","952.040000","187.380000","276.480000","276.480000","","","","1430.710000","276.480000","","1278.040000","","231.810000","205.750000","","701.040000","","139.440000","437.560000","1138.600000","205.750000","","152.670000","","173.540000","","","","","","","","","","","","","","","","","","","","","3.860000"
"Can Fin Homes Ltd.","30-06-2025","3","ITR","1020.400000","1020.330000","","","0.070000","0.070000","","","","1020.400000","9.820000","","796.530000","","41.670000","23.080000","","648.310000","3.460000","80.010000","64.750000","716.520000","26.540000","","223.870000","","26.630000","","","","","","","","","","","","","","","","","","","","","3.640000","30-09-2025","3","ITR","1049.460000","1049.450000","","","0.010000","0.010000","","","","1049.460000","0.010000","","798.030000","","43.260000","29.010000","","638.580000","3.960000","83.220000","72.270000","714.810000","32.970000","","251.430000","","26.630000","","","","36106.630000","","94.500000","","","","48.480000","","33.550000","","","","39456.560000","","-1173.300000","981.430000","1.930000","4.020000","31-12-2025","3","ITR","1073.160000","1072.830000","","","0.330000","0.330000","","","","1073.160000","1.040000","","808.380000","","45.080000","30.460000","","642.180000","4.340000","86.320000","75.540000","722.060000","34.800000","","264.780000","","26.630000","","","","","","","","","","","","","","","","","","","","","4.140000"
"Canara Bank","30-06-2025","3","ITR","38063.310000","31002.830000","22618.320000","6193.190000","7060.480000","7060.480000","","","","38063.310000","7060.480000","","33311.280000","","4795.540000","2720.110000","","21994.070000","","3801.560000","7515.650000","29509.720000","2720.110000","","4752.030000","","1814.130000","","","","119668.920000","","","","","","10127.090000","","","","","","1278647.790000","41535.080000","","","","2.550000","30-09-2025","3","ITR","38597.730000","31543.890000","23081.050000","6306.880000","7053.840000","7053.840000","","","","38597.730000","7053.840000","","33823.770000","","4822.250000","2784.650000","","22402.700000","","3814.170000","7606.900000","30009.600000","2784.650000","","4773.960000","","1814.130000","","","","91130.570000","","","","","","10147.930000","","","","","","1321309.870000","38816.160000","-7707.830000","-6138.290000","191195.990000","2.520000","31-12-2025","3","ITR","39880.960000","31981.600000","23596.850000","6303.210000","7899.360000","7899.360000","","","","39880.960000","7899.360000","","34725.850000","","4904.570000","3127.640000","","22729.280000","","3964.360000","8032.210000","30761.490000","3127.640000","","5155.110000","","1814.130000","","","","147902.370000","","","","","","10341.840000","","","","","","1375239.940000","42038.600000","","","","2.500000"
"Capital Small Finance Bank Ltd.","30-06-2025","3","ITR","269.960000","247.080000","194.910000","31.660000","22.880000","22.880000","","","","269.960000","22.880000","","237.950000","","42.940000","38.380000","","137.290000","","19.340000","81.320000","218.610000","38.380000","","32.010000","","45.250000","","","","488.180000","","","","","","91.650000","","","","","","8939.720000","205.770000","","","","4.100000","30-09-2025","3","ITR","279.600000","256.460000","202.900000","32.590000","23.140000","23.140000","","","","279.600000","23.140000","","244.710000","","42.860000","41.250000","","144.820000","","15.780000","84.110000","228.930000","41.250000","","34.890000","","45.290000","","","","576.850000","","","","","","90.760000","","","","","","9237.330000","152.100000","-340.060000","238.560000","619.730000","4.000000","31-12-2025","3","ITR","298.390000","271.920000","212.550000","33.350000","26.470000","26.470000","","","","298.390000","26.470000","","263.980000","","50.070000","44.040000","","152.610000","","17.260000","94.110000","246.720000","44.040000","","34.410000","","45.420000","","","","565.520000","","","","","","93.960000","","","","","","9798.040000","247.730000","","","","4.000000"
"Central Bank Of India Ltd.","30-06-2025","3","ITR","10374.120000","8588.540000","5932.310000","2340.150000","1785.580000","1785.580000","","","","10374.120000","1785.580000","","9205.430000","","1834.450000","1030.400000","","5205.290000","","1135.290000","2864.850000","8070.140000","1030.400000","","1168.690000","","9051.400000","","","","6842.450000","","","","","","5075.340000","","","","","","316283.080000","13458.580000","","","","3.160000","30-09-2025","3","ITR","10249.730000","8743.110000","5667.570000","2587.620000","1506.620000","1506.620000","","","","10249.730000","1506.620000","","9036.850000","","1892.870000","1110.950000","","5460.290000","","572.740000","3003.820000","8464.110000","1110.950000","","1212.880000","","9051.400000","","","","12104.270000","","","","","","5036.000000","","","","","","324317.460000","13699.680000","2581.880000","-350.770000","38293.060000","2.890000","31-12-2025","3","ITR","10968.680000","9033.360000","6090.720000","2681.960000","1935.320000","1935.320000","","","","10968.680000","1935.320000","","9706.080000","","2054.770000","1090.460000","","5530.950000","","1029.900000","3145.230000","8676.180000","1090.460000","","1262.600000","","9051.400000","","2.000000","","32830.100000","","","","","","5028.930000","","","","","","353166.600000","14737.130000","","","","2.960000"
"Cholamandalam Investment & Finance Co. Ltd.","30-06-2025","3","ITR","7330.780000","7244.920000","","","85.860000","85.860000","","","","7330.780000","132.360000","","6194.870000","","924.300000","461.700000","","3466.250000","66.790000","1275.830000","1386.000000","4919.040000","528.490000","","1135.910000","","168.300000","","","","","","","","","","","","","","","","","","","","","7.800000","30-09-2025","3","ITR","7590.130000","7469.580000","","","120.550000","120.550000","","","","7590.130000","171.710000","","6434.820000","","1063.190000","483.310000","","3515.510000","70.360000","1302.450000","1546.500000","5132.370000","553.670000","","1155.310000","","168.350000","","","","187514.820000","","2560.390000","","","","1896.200000","","27.800000","","","","206307.370000","","-10220.640000","12043.160000","5720.010000","7.900000","31-12-2025","3","ITR","7985.360000","7874.940000","","","110.420000","110.420000","","","","7985.360000","213.890000","","6697.700000","","1082.670000","543.330000","","3643.020000","73.140000","1355.540000","1626.000000","5342.160000","616.470000","","1287.660000","","168.860000","","","","","","","","","","","","","","","","","","","","","8.000000"
"City Union Bank Ltd.","30-06-2025","3","ITR","1849.210000","1605.330000","1290.220000","286.410000","243.880000","243.880000","","","","1849.210000","243.880000","","1543.290000","","200.600000","217.650000","","980.040000","","145.000000","418.250000","1398.290000","217.650000","","305.920000","","74.100000","","","","","","","","","","","","","","","","","","","","","3.540000","30-09-2025","3","ITR","1912.260000","1653.130000","1331.750000","287.560000","259.130000","259.130000","","","","1912.260000","259.130000","","1583.670000","","224.360000","230.720000","","986.590000","","142.000000","455.080000","1441.670000","230.720000","","328.590000","","74.100000","","","","2182.680000","","","","","","387.990000","","","","","","63633.780000","2861.860000","1921.370000","-146.050000","6952.920000","3.630000","31-12-2025","3","ITR","2001.040000","1755.690000","1434.620000","293.730000","245.350000","245.350000","","","","2001.040000","245.350000","","1668.880000","","230.230000","254.140000","","1003.510000","","181.000000","484.370000","1487.880000","254.140000","","332.160000","","74.210000","","","","","","","","","","","","","","","","","","","","","3.890000"
"D C B Bank Ltd.","30-06-2025","3","ITR","2049.690000","1813.570000","1430.280000","367.850000","236.120000","236.120000","","","","2049.690000","236.120000","","1892.430000","","251.040000","238.630000","","1233.130000","","169.630000","489.670000","1722.800000","238.630000","","157.260000","","314.470000","","","","","","","","","","","","","","","","","","","","","3.200000","30-09-2025","3","ITR","2008.840000","1822.750000","1441.590000","367.160000","186.090000","186.090000","","","","2008.840000","186.090000","","1824.930000","","243.230000","235.150000","","1226.540000","","120.010000","478.380000","1704.920000","235.150000","","183.910000","","315.160000","","","","5928.850000","","","","","","893.470000","","","","","","55475.020000","2025.800000","4482.280000","-3224.600000","2500.480000","3.230000","31-12-2025","3","ITR","2082.300000","1860.880000","1478.830000","360.760000","221.420000","221.420000","","","","2082.300000","221.420000","","1897.560000","","242.670000","253.710000","26.870000","1236.210000","","138.100000","496.380000","1732.590000","253.710000","-26.870000","184.740000","","321.740000","","","","","","","","","","","","","","","","","","","","","3.270000"
"Dhanlaxmi Bank Ltd.","30-06-2025","3","ITR","407.060000","367.760000","299.980000","64.060000","39.300000","39.300000","","","","407.060000","39.300000","","394.880000","","83.670000","61.450000","","228.660000","","21.100000","145.120000","373.780000","61.450000","","12.180000","","394.700000","","","","419.960000","","","","","","282.900000","","","","","","13501.840000","683.760000","","","","3.390000","30-09-2025","3","ITR","418.160000","383.610000","307.960000","72.270000","34.550000","34.550000","","","","418.160000","34.550000","","394.960000","","85.040000","63.280000","","241.650000","","4.990000","148.320000","389.970000","63.280000","","23.200000","","394.700000","","","","452.870000","","","","","","278.950000","","","","","","13680.820000","699.670000","115.720000","150.000000","901.160000","3.330000","31-12-2025","3","ITR","456.310000","407.060000","332.040000","71.720000","49.250000","47.250000","2.000000","","","454.310000","49.250000","","432.430000","","87.220000","75.110000","","252.840000","","17.260000","162.330000","415.170000","75.110000","2.000000","23.880000","","394.700000","","","","500.800000","","","","","","276.850000","","","","","","14817.300000","693.960000","","","","3.430000"
"Equitas Small Finance Bank Ltd.","30-06-2025","3","ITR","2014.270000","1648.860000","1433.970000","161.240000","365.410000","291.690000","73.720000","","","1940.550000","365.410000","","2238.030000","","460.010000","302.650000","","863.120000","","612.250000","762.660000","1625.780000","302.650000","73.720000","-223.760000","","1140.300000","","","","","","","","","","","","","","","","","","","","","6.550000","30-09-2025","3","ITR","1846.300000","1617.350000","1410.400000","162.860000","228.950000","228.950000","","","","1846.300000","228.950000","","1822.160000","","473.690000","288.380000","","843.670000","","216.420000","762.070000","1605.740000","288.380000","","24.140000","","1140.500000","","","","3452.300000","","","","","","709.430000","","","","","","42692.090000","1431.790000","-423.140000","1318.480000","6268.710000","6.290000","31-12-2025","3","ITR","1981.130000","1691.680000","1494.860000","169.260000","289.450000","289.450000","","","","1981.130000","289.450000","","1891.100000","","516.280000","317.620000","","840.050000","","217.150000","833.900000","1673.950000","317.620000","","90.030000","","1140.720000","","","","","","","","","","","","","","","","","","","","","6.720000"
"Esaf Small Finance Bank Ltd.","30-06-2025","3","ITR","1051.350000","828.230000","720.610000","100.520000","223.120000","195.140000","27.980000","","","1023.370000","223.120000","","1132.570000","","190.430000","257.660000","","450.360000","","234.120000","448.090000","898.450000","257.660000","27.980000","-81.220000","","515.430000","","","","","","","","","","","","","","","","","","","","","6.000000","30-09-2025","3","ITR","1004.590000","819.820000","714.950000","104.480000","184.770000","145.160000","39.610000","","","964.980000","184.770000","","1120.400000","","158.400000","257.570000","","455.760000","","248.670000","415.970000","871.730000","257.570000","39.610000","-115.810000","","515.510000","","","","2112.800000","","","","","","435.300000","","","","","","19224.440000","1073.110000","-1830.320000","707.190000","1022.330000","5.900000","31-12-2025","3","ITR","1163.440000","894.050000","789.610000","104.060000","269.390000","269.390000","","","","1163.440000","269.390000","","1156.320000","","170.510000","278.690000","","461.720000","","245.400000","449.200000","910.920000","278.690000","","7.120000","","515.570000","","","","","","","","","","","","","","","","","","","","","6.600000"
"Federal Bank Ltd.","30-06-2025","3","ITR","7799.610000","6686.630000","5322.890000","1134.620000","1112.980000","1112.980000","","","","7799.610000","1112.980000","","6937.860000","","797.610000","1095.910000","","4349.800000","","694.540000","1893.520000","6243.320000","1095.910000","","861.750000","","491.420000","","","","","","","","","","","","","","","","","","","","","2.940000","30-09-2025","3","ITR","7824.330000","6742.160000","5383.400000","1168.410000","1082.170000","1082.170000","","","","7824.330000","1082.170000","","6869.070000","","803.440000","1129.800000","","4246.920000","","688.910000","1933.240000","6180.160000","1129.800000","","955.260000","","491.880000","","","","17967.490000","","","","","","1453.240000","","","","","","267519.040000","16760.990000","3370.240000","-6027.170000","22861.980000","3.060000","31-12-2025","3","ITR","7967.790000","6867.500000","5474.070000","1212.830000","1100.290000","1100.290000","","","","7967.790000","1100.290000","","6926.580000","","848.650000","1175.040000","","4214.770000","","688.120000","2023.690000","6238.460000","1175.040000","","1041.210000","","492.420000","","","","","","","","","","","","","","","","","","","","","3.180000"
"G I C Housing Finance Ltd.","30-06-2025","3","ITR","265.430000","265.360000","","","0.070000","0.070000","","","","265.430000","36.820000","","258.080000","","17.950000","14.250000","","173.120000","2.540000","50.220000","32.200000","207.860000","16.790000","","7.350000","","53.850000","","","","","","","","","","","","","","","","","","","","","3.300000","30-09-2025","3","ITR","273.500000","273.330000","","","0.170000","0.170000","","","","273.500000","0.170000","","223.550000","","20.450000","16.510000","","172.580000","2.810000","11.200000","36.960000","212.350000","19.320000","","49.950000","","53.850000","","","","9021.940000","","34.190000","","","","25.910000","","14.100000","","","","10646.690000","","-100.490000","245.610000","162.720000","3.320000","31-12-2025","3","ITR","275.480000","272.630000","","","2.850000","0.010000","2.840000","","","272.640000","2.850000","","231.870000","","21.600000","23.360000","","172.940000","2.830000","11.140000","44.960000","220.730000","26.190000","2.840000","43.610000","","53.850000","","","","","","","","","","","","","","","","","","","","","3.360000"
"H D B Financial Services Ltd.","30-06-2025","3","ITR","4492.800000","4466.100000","","","26.700000","","26.700000","","","4466.100000","50.400000","","3925.100000","","960.100000","312.700000","","1739.700000","51.400000","861.200000","1272.800000","3063.900000","364.100000","26.700000","567.700000","","","","","","","","","","","","","","","","","","","","","","","","30-09-2025","3","ITR","4545.700000","4545.700000","","","","","","","","4545.700000","11.000000","","3964.300000","","957.700000","311.100000","","1694.000000","52.400000","949.100000","1268.800000","3015.200000","363.500000","","581.400000","","","","20.000000","","90540.700000","","4378.200000","","","","742.900000","","","","","","110024.500000","","-3814.600000","4964.100000","1137.500000","7.950000","31-12-2025","3","ITR","4673.500000","4673.500000","","","","","","","","4673.500000","","","4029.600000","","1025.300000","320.500000","","1704.000000","51.200000","928.600000","1345.800000","3101.000000","371.700000","","643.900000","","","","","","","","","","","","","","","","","","","","","","","8.100000"
"H D F C Bank Ltd.","30-06-2025","3","ITR","99200.030000","77470.200000","60192.640000","15070.080000","21729.830000","21729.830000","","","","99200.030000","21729.830000","","81044.820000","","6157.970000","11275.870000","","46032.230000","","17578.750000","17433.840000","63466.070000","11275.870000","","18155.210000","","766.790000","","500.000000","","510056.210000","","","","","","13784.700000","","","","","","2831029.460000","212598.970000","","","","3.350000","30-09-2025","3","ITR","91040.720000","76690.700000","59264.810000","15285.480000","14350.020000","14350.020000","","","","91040.720000","14350.020000","","72399.440000","","6461.290000","11516.630000","","45139.200000","","9282.320000","17977.920000","63117.120000","11516.630000","","18641.280000","","1536.570000","","","","509597.050000","","","","","","13854.090000","","","","","","2911502.060000","203330.970000","-29642.010000","-55782.240000","165142.280000","3.300000","31-12-2025","3","ITR","90005.000000","76751.160000","59953.800000","14665.830000","13253.840000","13253.840000","","","","90005.000000","13253.840000","","71351.250000","","6403.170000","11567.870000","800.000000","44136.160000","","8444.050000","17971.040000","62107.200000","11567.870000","-800.000000","18653.750000","","1538.460000","","","","521147.960000","","","","","","14299.490000","","","","","","2996642.660000","199788.460000","","","","3.350000"
"Housing & Urban Devp. Corpn. Ltd.","30-06-2025","3","ITR","3048.420000","2937.310000","","","111.110000","8.160000","102.950000","","","2945.470000","111.110000","","2418.190000","","68.320000","143.620000","","1976.310000","2.940000","227.000000","211.940000","2191.190000","146.560000","102.950000","630.230000","","2001.900000","","","","","","","","","","","","","","","","","","","","","2.940000","30-09-2025","3","ITR","3268.010000","3219.030000","","","48.980000","31.990000","16.990000","","","3251.020000","48.980000","","2558.180000","","66.050000","97.500000","","2146.940000","2.810000","244.880000","163.550000","2313.300000","100.310000","16.990000","709.830000","","2001.900000","","10.000000","","126837.580000","","2175.180000","","","1333.620000","67.340000","","17.680000","","","","147460.000000","","-18768.150000","19133.800000","6.030000","2.980000","31-12-2025","3","ITR","3583.280000","3431.200000","","","152.080000","74.370000","77.710000","","","3505.570000","227.950000","","2870.280000","","73.910000","323.730000","","2394.150000","3.000000","75.490000","397.640000","2794.790000","326.730000","77.710000","713.000000","","2001.900000","","","","","","","","","","","","","","","","","","","","","2.880000"
"I C I C I Bank Ltd.","30-06-2025","3","ITR","51451.810000","42946.910000","32542.920000","8712.840000","8504.900000","8504.900000","","","","51451.810000","8504.900000","","38683.600000","","4743.080000","6650.440000","","21312.450000","","5977.630000","11393.520000","32705.970000","6650.440000","","12768.210000","","1427.320000","","","","117095.270000","","","","","","12878.470000","","","","","","1528755.310000","74498.560000","","","","4.340000","30-09-2025","3","ITR","49333.490000","41757.950000","32183.680000","8459.540000","7575.540000","7575.540000","","","","49333.490000","7575.540000","","36974.600000","","4341.840000","7465.200000","","20228.490000","","4939.070000","11807.040000","32035.530000","7465.200000","","12358.890000","","1428.950000","","","","111818.380000","","","","","","13273.150000","","","","","","1545136.710000","78268.690000","-19166.870000","-18833.100000","136680.280000","4.300000","31-12-2025","3","ITR","49334.000000","41965.840000","32520.080000","8216.900000","7368.160000","7368.160000","","","","49334.000000","7412.400000","","38016.140000","","4421.800000","7522.640000","","20033.600000","","6038.100000","11944.440000","31978.040000","7522.640000","","11317.860000","","1430.350000","","","","112334.900000","","","","","","13574.380000","","","","","","1612491.910000","69881.690000","","","","4.300000"
"I D B I Bank Ltd.","30-06-2025","3","ITR","8637.480000","7021.000000","4771.160000","2031.960000","1616.480000","1437.020000","179.460000","","","8458.020000","1616.480000","","6630.120000","","1091.930000","1156.820000","","3855.230000","","526.140000","2248.750000","6103.980000","1156.820000","179.460000","2007.360000","","10752.400000","","","","22388.180000","","","","","","12087.510000","","","","","","244895.530000","19194.330000","","","","3.680000","30-09-2025","3","ITR","10246.260000","7104.230000","4779.610000","2062.130000","3142.030000","2489.410000","652.620000","","","9593.640000","3142.030000","","6618.900000","","1001.290000","1250.360000","","3819.220000","","548.030000","2251.650000","6070.870000","1250.360000","652.620000","3627.360000","","10752.400000","","","","24241.310000","","","","","","12015.560000","","","","","","261916.950000","19170.120000","-12329.710000","-1984.820000","31697.030000","3.700000","31-12-2025","3","ITR","8823.990000","7073.550000","4813.210000","1957.360000","1750.440000","1208.860000","541.580000","","","8282.410000","1750.440000","","6888.540000","","1186.520000","1314.470000","","3864.110000","","523.440000","2500.990000","6365.100000","1314.470000","541.580000","1935.450000","","10752.400000","","","","27124.370000","","","","","","11928.350000","","","","","","267934.970000","17252.130000","","","","3.630000"
"I D F C First Bank Ltd.","30-06-2025","3","ITR","11868.970000","9642.140000","8136.320000","1432.160000","2226.830000","2226.830000","","","","11868.970000","2226.830000","","11406.400000","","1495.610000","3424.930000","","4709.060000","","1776.800000","4920.540000","9629.600000","3424.930000","","462.570000","","7334.330000","","","","42805.660000","","","","","","2652.810000","","","","","","259196.050000","13195.880000","","","","5.700000","30-09-2025","3","ITR","11828.340000","9936.890000","8319.520000","1479.020000","1891.450000","1891.450000","","","","11828.340000","1891.450000","","11476.030000","","1490.090000","3633.820000","","4824.330000","","1527.790000","5123.910000","9948.240000","3633.820000","","352.310000","","7339.260000","","","","40781.170000","","","","","","2583.440000","","","","","","272598.180000","15256.770000","1151.330000","9187.350000","15497.520000","5.590000","31-12-2025","3","ITR","12541.990000","10417.020000","8775.780000","1526.430000","2124.970000","2124.970000","","","","12541.990000","2124.970000","","12039.450000","","1601.980000","3982.080000","","4924.580000","","1530.810000","5584.060000","10508.640000","3982.080000","","502.540000","","8595.690000","","","","37978.520000","","","","","","2543.040000","","","","","","281027.210000","14516.870000","","","","5.760000"
"Indian Bank","30-06-2025","3","ITR","18721.310000","16282.710000","11737.800000","3944.560000","2438.600000","2438.600000","","","","18721.310000","2438.600000","","15748.490000","","2612.260000","1414.930000","","9923.840000","","1797.460000","4027.190000","13951.030000","1414.930000","","2972.820000","","1346.960000","60762.200000","","","53007.000000","","","","","","8762.000000","","","","","","637580.000000","15694.000000","","","","3.350000","30-09-2025","3","ITR","19076.570000","16589.940000","11964.370000","4016.380000","2486.630000","2486.630000","","","","19076.570000","2486.630000","","16058.350000","","2651.180000","1549.900000","","10038.980000","","1818.290000","4201.080000","14240.060000","1549.900000","","3018.220000","","1346.960000","60762.200000","","","42205.570000","","","","","","8721.580000","","","","","","663293.990000","13463.830000","5637.370000","-2188.820000","58121.640000","3.230000","31-12-2025","3","ITR","19663.340000","17097.670000","12448.980000","4002.230000","2565.670000","2565.670000","","","","19663.340000","2565.670000","","16601.860000","","2785.200000","1652.480000","","10202.080000","","1962.100000","4437.680000","14639.760000","1652.480000","","3061.480000","","1346.960000","60762.200000","","","48888.000000","","","","","","8664.000000","","","","","","685041.000000","16765.000000","","","","3.280000"
"Indian Overseas Bank","30-06-2025","3","ITR","8866.470000","7385.550000","5509.100000","1828.800000","1480.920000","1480.920000","","","","8866.470000","1480.920000","","7755.430000","","1166.480000","702.740000","","4639.300000","","1246.910000","1869.220000","6508.520000","702.740000","","1111.040000","","19256.590000","","","","40408.490000","","","","","","4915.030000","","","","","","281214.520000","13596.610000","","","","3.040000","30-09-2025","3","ITR","9214.240000","7848.790000","5855.990000","1871.820000","1365.450000","1365.450000","","","","9214.240000","1365.450000","","7987.820000","","1172.010000","852.550000","","4789.650000","","1173.610000","2024.560000","6814.210000","852.550000","","1226.420000","","19256.590000","","","","46433.190000","","","","","","4989.030000","","","","","","296924.930000","13789.440000","","","","3.210000","31-12-2025","3","ITR","9671.580000","8172.390000","6127.940000","1905.710000","1499.190000","1499.190000","","","","9671.580000","1499.190000","","8306.460000","","1344.400000","850.230000","","4873.850000","","1237.980000","2194.630000","7068.480000","850.230000","","1365.120000","","19256.590000","","","","46805.290000","","","","","","5019.730000","","","","","","311905.380000","14996.270000","","","","3.320000"
"Indian Railway Finance Corpn. Ltd.","30-06-2025","3","ITR","6918.240000","6915.380000","","","2.860000","2.860000","","","","6918.240000","2.860000","","5172.550000","","3.700000","37.030000","","5124.390000","1.330000","6.100000","40.730000","5166.450000","38.360000","","1745.690000","","13068.510000","41355.450000","","","404812.870000","","18627.100000","","","","15.720000","","3.780000","","","","480673.850000","","","","","1.530000","30-09-2025","3","ITR","6371.910000","6371.890000","","","0.020000","0.020000","","","","6371.910000","0.020000","","4594.930000","","5.580000","39.560000","","4544.420000","1.350000","4.020000","45.140000","4590.910000","40.910000","","1776.980000","","13068.510000","43125.340000","10.500000","","407616.150000","","37202.170000","","","","15.730000","","3.780000","","","","503935.060000","","17287.300000","-4216.690000","18750.480000","1.550000","31-12-2025","3","ITR","6719.230000","6661.370000","","","57.860000","57.860000","","","","6719.230000","57.860000","","4917.040000","","5.290000","39.160000","","4812.020000","1.430000","59.140000","44.450000","4857.900000","40.590000","","1802.190000","","13068.510000","43556.900000","","","417941.220000","","19774.070000","","","","15.640000","","5.240000","","","","498258.750000","","-11147.600000","5723.520000","253.210000",""
"Indostar Capital Finance Ltd.","30-06-2025","3","ITR","1519.560000","343.450000","","","1176.110000","0.160000","1175.950000","","","343.610000","1176.110000","","984.120000","","86.580000","45.350000","","185.470000","7.330000","659.390000","131.930000","324.730000","52.680000","1175.950000","535.440000","","136.670000","","","","","","","","","","","","","","","","","","","","","6.200000","30-09-2025","3","ITR","356.780000","356.490000","","","0.290000","0.290000","","","","356.780000","0.290000","","346.310000","","80.780000","32.560000","","166.670000","7.660000","58.640000","113.340000","287.670000","40.220000","","10.470000","","136.710000","","","","5708.660000","","355.110000","","","","360.310000","","","","","","7553.340000","7.000000","-243.320000","-1257.050000","34.930000","5.600000","31-12-2025","3","ITR","346.460000","346.330000","","","0.130000","0.130000","","","","346.460000","0.130000","","338.210000","","83.940000","32.620000","","137.130000","7.600000","76.920000","116.560000","261.290000","40.220000","","8.250000","","161.530000","","","","","","","","","","","","","","","","","","","","","8.600000"
"Indusind Bank Ltd.","30-06-2025","3","ITR","14420.120000","12263.880000","9650.560000","1894.370000","2156.240000","2156.240000","","","","14420.120000","2156.240000","","13735.870000","","1295.770000","2848.130000","","7624.060000","","1967.910000","4143.900000","11767.960000","2848.130000","","684.250000","","779.060000","","","","","","","","","","","","","","","","","","","","","3.460000","30-09-2025","3","ITR","13406.180000","11608.630000","9193.620000","1954.530000","1797.550000","1647.960000","149.590000","","","13256.590000","1797.550000","","13850.970000","","1267.140000","2762.190000","","7199.260000","","2622.380000","4029.330000","11228.590000","2762.190000","149.590000","-444.790000","","779.080000","","","","45350.300000","","","","","","2445.160000","","","","","","365507.740000","35362.560000","-10877.350000","-8352.140000","39627.070000","3.320000","31-12-2025","3","ITR","13079.390000","11372.880000","8932.320000","2028.700000","1706.510000","1706.510000","","","","13079.390000","1706.510000","","12861.230000","","1517.880000","2443.520000","","6811.230000","","2088.600000","3961.400000","10772.630000","2443.520000","","218.160000","","779.080000","","","","","","","","","","","","","","","","","","","","","3.520000"
"Jammu & Kashmir Bank Ltd.","30-06-2025","3","ITR","3518.570000","3268.270000","2430.120000","723.300000","250.300000","250.300000","","","","3518.570000","250.300000","","3033.730000","","660.900000","381.990000","","1802.840000","","188.000000","1042.890000","2845.730000","381.990000","","484.840000","","110.130000","","","","2382.840000","","","","","","2172.850000","","","","","","111098.570000","14790.320000","","","","3.720000","30-09-2025","3","ITR","3457.640000","3291.820000","2390.920000","767.030000","165.820000","154.890000","10.930000","","","3446.710000","177.620000","","2963.530000","","645.890000","320.370000","","1857.830000","","139.440000","966.260000","2824.090000","320.370000","10.930000","494.110000","","110.130000","","","","2382.310000","","","","","","2186.790000","","","","","","112266.380000","15915.180000","-2078.530000","-364.920000","7113.080000","3.560000","31-12-2025","3","ITR","3618.710000","3313.440000","2435.100000","745.930000","305.270000","279.460000","25.810000","","","3592.900000","311.310000","","3031.980000","","656.540000","331.550000","","1824.560000","","219.330000","988.090000","2812.650000","331.550000","25.810000","586.730000","","110.130000","","","","2381.790000","","","","","","2188.340000","","","","","","119756.320000","15502.230000","","","","3.620000"
"Jana Small Finance Bank Ltd.","30-06-2025","3","ITR","1516.160000","1252.060000","1120.730000","112.150000","264.100000","264.100000","","","","1516.160000","264.100000","","1414.230000","","351.000000","211.960000","","655.060000","","196.210000","562.960000","1218.020000","211.960000","","101.930000","","105.180000","","","","","","","","","","","","","","","","","","","","","6.700000","30-09-2025","3","ITR","1552.260000","1304.790000","1175.090000","115.860000","247.470000","247.470000","","","","1552.260000","247.470000","","1477.270000","","355.560000","231.430000","","686.310000","","203.970000","586.990000","1273.300000","231.430000","","74.990000","","105.240000","","","","3809.880000","","","","","","177.200000","","","","","","32425.940000","940.440000","842.810000","-48.400000","2670.560000","6.600000","31-12-2025","3","ITR","1628.860000","1384.130000","1232.310000","133.550000","244.730000","244.730000","","","","1628.860000","244.730000","","1619.170000","","357.770000","263.310000","11.890000","709.360000","","276.840000","621.080000","1330.440000","263.310000","-11.890000","9.690000","","105.270000","","","","","","","","","","","","","","","","","","","","","6.700000"
"Karnataka Bank Ltd.","30-06-2025","3","ITR","2619.640000","2261.280000","1730.230000","389.390000","358.360000","358.360000","","","","2619.640000","358.360000","","2327.240000","","341.130000","305.540000","","1505.680000","","174.890000","646.670000","2152.350000","305.540000","","292.400000","","377.980000","","","","","","","","","","","","","","","","","","","","","2.820000","30-09-2025","3","ITR","2522.550000","2179.180000","1640.790000","406.460000","343.370000","343.370000","","","","2522.550000","343.370000","","2203.430000","","316.490000","314.960000","","1451.060000","","120.920000","631.450000","2082.510000","314.960000","","319.120000","","378.080000","","","","1308.550000","","","","","","1068.960000","","","","","","79620.610000","11397.640000","344.690000","-819.870000","7468.060000","2.720000","31-12-2025","3","ITR","2522.350000","2220.050000","1620.710000","422.530000","302.300000","302.300000","","","","2522.350000","302.300000","","2231.560000","","360.600000","281.960000","","1427.990000","","161.010000","642.560000","2070.550000","281.960000","","290.790000","","378.150000","","","","","","","","","","","","","","","","","","","","","2.920000"
"Karur Vysya Bank Ltd.","30-06-2025","3","ITR","3015.800000","2568.550000","2130.630000","417.510000","447.250000","447.250000","","","","3015.800000","447.250000","","2494.350000","","364.940000","356.160000","","1489.200000","","284.050000","721.100000","2210.300000","356.160000","","521.450000","","161.050000","","","","","","","","","","","","","","","","","","","","","3.860000","30-09-2025","3","ITR","3320.290000","2807.970000","2329.210000","467.180000","512.320000","512.320000","","","","3320.290000","512.320000","","2746.330000","","365.130000","390.990000","","1546.790000","","443.420000","756.120000","2302.910000","390.990000","","573.960000","","193.280000","","","","2516.560000","","","","","","511.510000","","","","","","98390.670000","3373.190000","175.330000","-207.030000","6205.810000","3.770000","31-12-2025","3","ITR","3303.130000","2794.180000","2286.370000","497.820000","508.950000","508.950000","","","","3303.130000","508.950000","","2613.170000","","363.220000","379.640000","","1554.930000","","315.380000","742.860000","2297.790000","379.640000","","689.960000","","193.320000","","","","","","","","","","","","","","","","","","","","","3.990000"
"Kotak Mahindra Bank Ltd.","30-06-2025","3","ITR","16916.520000","13836.540000","10614.510000","2869.270000","3079.980000","3079.980000","","","","16916.520000","3079.980000","","13634.840000","","2065.520000","2710.060000","","6577.250000","","2282.010000","4775.580000","11352.830000","2710.060000","","3281.680000","","994.160000","","","","","","","","","","","","","","","","","","","","","4.650000","30-09-2025","3","ITR","16238.590000","13649.410000","10605.130000","2661.370000","2589.180000","2589.180000","","","","16238.590000","2589.180000","","12985.260000","","1979.530000","2652.120000","","6338.670000","","2014.940000","4631.650000","10970.320000","2652.120000","","3253.330000","","994.300000","","","","23911.110000","","","","","","2431.910000","","","","","","512479.350000","19061.410000","9176.370000","-24962.690000","49791.740000","4.540000","31-12-2025","3","ITR","16741.050000","13903.250000","10826.970000","2623.150000","2837.800000","2837.800000","","","","16741.050000","2837.800000","","13294.910000","","2245.810000","2776.790000","","6338.680000","","1933.630000","5022.600000","11361.280000","2776.790000","","3446.140000","","994.300000","","","","","","","","","","","","","","","","","","","","","4.540000"
"L & T Finance Ltd.","30-06-2025","3","ITR","4257.070000","4256.750000","","","0.320000","0.320000","","","","4257.070000","14.040000","","3562.980000","","551.710000","554.650000","","1635.730000","39.130000","781.760000","1106.360000","2781.220000","593.780000","","694.090000","","","","","","","","","","","","","","","","","","","","","","","","30-09-2025","3","ITR","4333.090000","4332.740000","","","0.350000","0.350000","","","","4333.090000","0.350000","","3605.380000","","592.630000","572.530000","","1634.280000","49.340000","756.600000","1165.160000","2848.780000","621.870000","","727.710000","","","","","","97970.330000","","2388.330000","","","","760.700000","","45.530000","","","","112963.590000","","-4153.320000","3607.490000","2111.070000","","31-12-2025","3","ITR","4581.710000","4578.200000","","","3.510000","3.510000","","","","4581.710000","47.670000","","3850.290000","","649.320000","572.190000","28.430000","1703.010000","56.120000","841.220000","1221.510000","2980.640000","628.310000","-28.430000","731.420000","","","","","","","","","","","","","","","","","","","","","","",""
"L I C Housing Finance Ltd.","30-06-2025","3","ITR","7233.140000","7233.130000","","","0.010000","0.010000","","","","7233.140000","0.010000","","5873.220000","","159.540000","110.400000","","5047.280000","23.890000","532.110000","269.940000","5341.110000","134.290000","","1359.920000","","110.080000","","","","","","","","","","","","","","","","","","","","","2.680000","30-09-2025","3","ITR","7169.740000","7163.320000","","","6.420000","6.420000","","","","7169.740000","6.420000","","5815.870000","","142.880000","127.590000","","4995.080000","31.320000","519.000000","270.470000","5296.870000","158.910000","","1353.870000","","110.080000","","","","272912.210000","","7393.520000","","","","398.430000","","6.000000","","","","312292.050000","","-4283.430000","1609.950000","348.710000","2.620000","31-12-2025","3","ITR","7186.990000","7186.980000","","","0.010000","0.010000","","","","7186.990000","0.010000","","5803.040000","","176.330000","139.910000","","4942.130000","32.540000","512.130000","316.240000","5290.910000","172.450000","","1383.950000","","110.080000","","","","","","","","","","","","","","","","","","","","","2.690000"
"Mahindra & Mahindra Financial Services Ltd.","30-06-2025","3","ITR","4437.750000","4419.370000","","","18.380000","18.380000","","","","4437.750000","18.380000","","3908.250000","","523.170000","334.270000","","2152.410000","74.900000","823.500000","857.440000","3084.750000","409.170000","","529.500000","","","","","","","","","","","","","","","","","","","","","","","6.700000","30-09-2025","3","ITR","4489.240000","4472.670000","","","16.570000","16.570000","","","","4489.240000","95.060000","","3919.930000","","490.900000","349.950000","2.110000","2066.290000","83.190000","927.490000","840.850000","2990.330000","433.140000","-2.110000","569.310000","","","","","","114786.570000","","1694.840000","","","","1137.200000","","10.040000","","","","130841.810000","","-6556.200000","3797.910000","131.980000","7.000000","31-12-2025","3","ITR","4763.220000","4753.590000","","","9.630000","9.630000","","","","4763.220000","9.630000","","3952.780000","","520.340000","397.120000","117.490000","2102.620000","85.500000","729.710000","917.460000","3105.580000","482.620000","-117.490000","810.440000","","","","","","","","","","","","","","","","","","","","","","","7.500000"
"Muthoot Finance Ltd.","30-06-2025","3","ITR","5720.010000","5703.320000","","","16.690000","16.690000","","","","5720.010000","40.060000","","3673.710000","","503.110000","285.450000","","2119.150000","23.560000","742.440000","788.560000","2931.270000","309.010000","","2046.300000","","","","","","103279.010000","","2372.700000","","","","470.930000","","12.900000","","","","129987.260000","","","","","12.150000","30-09-2025","3","ITR","6460.840000","6432.250000","","","28.590000","28.590000","","","","6460.840000","28.590000","","4115.670000","","521.000000","336.020000","5.330000","2312.640000","25.670000","915.010000","857.020000","3195.330000","361.690000","-5.330000","2345.170000","","","","","","111944.700000","","2846.440000","","","","471.550000","","10.250000","","","","139011.380000","","-17772.680000","20608.690000","6909.670000","","31-12-2025","3","ITR","7262.950000","7242.770000","","","20.180000","20.180000","","","","7262.950000","33.780000","","4606.530000","","575.560000","320.300000","15.340000","2646.670000","27.880000","1020.780000","895.860000","3570.410000","348.180000","-15.340000","2656.420000","","","","","","127345.680000","","3101.850000","","","","465.600000","","10.480000","","","","156772.670000","","","","",""
"P N B Housing Finance Ltd.","30-06-2025","3","ITR","2126.840000","2063.880000","","","62.960000","6.730000","56.230000","","","2070.610000","62.960000","","1595.110000","","93.540000","98.430000","","1234.690000","14.650000","153.800000","191.970000","1441.310000","113.080000","56.230000","531.730000","","260.130000","","","","","","","","","","","","","","","","","","","","","3.740000","30-09-2025","3","ITR","2284.700000","2167.910000","","","116.790000","3.610000","113.180000","","","2171.520000","116.790000","","1658.210000","","84.680000","112.570000","","1267.340000","16.310000","177.310000","197.250000","1480.900000","128.880000","113.180000","626.490000","","260.510000","","","","65167.800000","","2570.100000","","","","248.050000","","12.330000","","","","82322.750000","","-3122.940000","2868.300000","2067.310000","3.670000","31-12-2025","3","ITR","2152.330000","2109.570000","","","42.760000","2.180000","40.580000","","","2111.750000","42.760000","","1631.370000","","101.430000","108.330000","4.580000","1253.130000","16.110000","147.790000","209.760000","1479.000000","124.440000","36.000000","520.960000","","260.510000","","","","","","","","","","","","","","","","","","","","","3.630000"
"P T C India Financial Services Ltd.","30-06-2025","3","ITR","253.320000","141.910000","","","111.410000","0.330000","111.080000","","","142.240000","111.410000","","116.690000","","5.330000","5.020000","","65.340000","1.830000","39.170000","10.350000","77.520000","6.850000","111.080000","136.630000","","642.280000","","","","","","","","","","","","","","","","","","","","","4.630000","30-09-2025","3","ITR","206.510000","131.840000","","","74.670000","0.020000","74.650000","","","131.860000","74.670000","","118.370000","","6.050000","5.620000","","57.570000","1.880000","47.250000","11.670000","71.120000","7.500000","74.650000","88.140000","","642.280000","","","","2263.180000","","68.170000","","","38.130000","19.290000","","0.110000","","","","4489.950000","","1166.210000","-721.540000","123.740000","4.590000","31-12-2025","3","ITR","137.720000","121.740000","","","15.980000","3.300000","12.680000","","","125.040000","15.980000","","88.630000","","6.380000","5.220000","2.430000","57.640000","1.880000","15.080000","11.600000","71.120000","7.100000","10.250000","49.090000","","642.280000","","","","","","","","","","","","","","","","","","","","",""
"Poonawalla Fincorp Ltd.","30-06-2025","3","ITR","1314.010000","1313.970000","","","0.040000","0.040000","","","","1314.010000","0.040000","","1251.410000","","213.160000","208.200000","","546.090000","22.040000","261.920000","421.360000","989.490000","230.240000","","62.600000","","154.760000","","","","","","","","","","","","","","","","","","","","","","30-09-2025","3","ITR","1542.770000","1542.300000","","","0.470000","0.470000","","","","1542.770000","0.470000","","1468.570000","","256.360000","269.570000","","637.810000","22.470000","282.360000","525.930000","1186.210000","292.040000","","74.200000","","161.490000","","","","35979.160000","","1061.730000","","","","322.790000","","0.310000","","","","44738.630000","0.020000","","","","","31-12-2025","3","ITR","1818.480000","1818.420000","","","0.060000","0.060000","","","","1818.480000","0.060000","","1668.260000","","284.940000","275.050000","","738.710000","24.100000","345.460000","559.990000","1322.800000","299.150000","","150.220000","","161.560000","","","","","","","","","","","","","","","","","","","","",""
"Power Finance Corpn. Ltd.","30-06-2025","3","ITR","14622.350000","13937.170000","","","685.180000","3.360000","681.820000","","","13940.530000","719.090000","","10120.850000","","70.730000","109.270000","","8924.370000","4.820000","1011.660000","180.000000","9109.190000","114.090000","681.820000","4501.500000","","3300.100000","","","","","","","","","","","","","","","","","","","","","3.680000","30-09-2025","3","ITR","14756.260000","14755.500000","","","0.760000","0.760000","","","","14756.260000","29.160000","","10294.320000","","67.020000","221.430000","","8680.120000","5.810000","1319.940000","288.450000","8974.380000","227.240000","","4461.940000","","3300.100000","","36.500000","","484781.120000","","12023.860000","","","","88.560000","","15.730000","","","","572053.960000","","-4614.710000","4841.650000","132.470000","","31-12-2025","3","ITR","14665.350000","14660.490000","","","4.860000","4.860000","","","","14665.350000","4.860000","","9902.020000","","76.700000","161.140000","","8457.000000","8.020000","1199.160000","237.840000","8702.860000","169.160000","","4763.330000","","3300.100000","","40.000000","","","","","","","","","","","","","","","","","","",""
"Punjab & Sind Bank","30-06-2025","3","ITR","3379.390000","2910.660000","2055.630000","818.510000","468.730000","468.730000","","","","3379.390000","468.730000","","3110.230000","","523.770000","305.270000","","2010.250000","","270.940000","829.040000","2839.290000","305.270000","","269.160000","","7095.590000","","","","12456.590000","","","","","","1755.790000","","","","","","104509.500000","7007.420000","","","","2.520000","30-09-2025","3","ITR","3373.280000","2998.870000","2148.760000","835.380000","374.410000","374.410000","","","","3373.280000","374.410000","","3078.760000","","489.430000","329.950000","","2048.840000","","210.540000","819.380000","2868.220000","329.950000","","294.520000","","7095.590000","","","","12536.330000","","","","","","1765.750000","","","","","","109543.520000","5459.680000","-2462.770000","-218.230000","6071.280000","2.600000","31-12-2025","3","ITR","3549.270000","3041.980000","2198.270000","827.700000","507.290000","507.290000","","","","3549.270000","507.290000","","3212.850000","","559.810000","339.370000","","2055.810000","","257.860000","899.180000","2954.990000","339.370000","","336.420000","","7095.590000","","","","14393.990000","","","","","","1775.550000","","","","","","114070.880000","5838.390000","","","","2.590000"
"Punjab National Bank","30-06-2025","3","ITR","37231.760000","31963.940000","21664.460000","8438.010000","5267.820000","5267.820000","","","","37231.760000","5267.820000","","35556.760000","","5164.370000","3600.190000","","21385.850000","","5406.350000","8764.560000","30150.410000","3600.190000","","1675.000000","","2298.590000","","","","71261.400000","","","","","","15511.640000","","","","","","1230929.220000","77468.030000","","","","2.700000","30-09-2025","3","ITR","36213.620000","31871.530000","21914.210000","8541.210000","4342.090000","4342.090000","","","","36213.620000","4342.090000","","31309.890000","","4746.990000","2836.840000","","21402.730000","","2323.330000","7583.830000","28986.560000","2836.840000","","4903.730000","","2298.590000","","","","84686.530000","","","","","","15583.000000","","","","","","1280115.990000","79141.270000","5025.480000","-5813.640000","146335.660000","2.600000","31-12-2025","3","ITR","37253.080000","32231.000000","22694.620000","8101.780000","5022.080000","5022.080000","","","","37253.080000","5022.080000","","32152.930000","","5088.510000","2985.280000","","21698.420000","","2380.720000","8073.790000","29772.210000","2985.280000","","5100.150000","","2298.590000","","","","90180.350000","","","","","","15615.740000","","","","","","1344748.170000","80931.430000","","","","2.520000"
"R B L Bank Ltd.","30-06-2025","3","ITR","4510.570000","3441.090000","2772.450000","548.020000","1069.480000","1069.480000","","","","4510.570000","1069.480000","","4310.240000","","474.640000","1372.550000","","1960.430000","","502.620000","1847.190000","3807.620000","1372.550000","","200.330000","","609.010000","","","","","","","","","","","","","","","","","","","","","4.500000","30-09-2025","3","ITR","4440.170000","3507.470000","2867.830000","520.830000","932.700000","932.700000","","","","4440.170000","932.700000","","4261.650000","","484.820000","1270.170000","","1956.790000","","549.870000","1754.990000","3711.780000","1270.170000","","178.520000","","613.020000","","","","15224.210000","","","","","","543.650000","","","","","","115244.830000","9385.240000","621.360000","1500.240000","14556.390000","4.510000","31-12-2025","3","ITR","4717.000000","3666.740000","3010.240000","521.620000","1050.260000","1050.260000","","","","4717.000000","1050.260000","","4503.120000","","473.820000","1292.640000","28.610000","2009.500000","","698.550000","1766.460000","3775.960000","1292.640000","-28.610000","213.880000","","617.160000","","","","","","","","","","","","","","","","","","","","","4.630000"
"R E C Ltd.","30-06-2025","3","ITR","15350.410000","14646.420000","","","703.990000","87.390000","616.600000","","","14733.810000","703.990000","","10899.390000","","56.770000","653.550000","","8986.570000","6.620000","1195.880000","710.320000","9703.510000","660.170000","616.600000","4451.020000","","2633.220000","","","","","","","","","","","","","","","","","","","","","3.740000","30-09-2025","3","ITR","15094.610000","15084.130000","","","10.480000","10.480000","","","","15094.610000","39.390000","","10668.750000","","59.980000","129.520000","","9211.060000","6.580000","1261.610000","189.500000","9407.140000","136.100000","","4425.860000","","2633.220000","","","","516228.580000","","36021.470000","","","","569.970000","","104.900000","","","","627163.270000","0.010000","-2969.690000","9915.650000","5012.840000","3.640000","31-12-2025","3","ITR","14952.740000","14910.880000","","","41.860000","41.620000","0.240000","","","14952.500000","41.860000","","10909.660000","","63.740000","364.240000","","9290.440000","6.670000","1184.570000","427.980000","9725.090000","370.910000","0.240000","4043.080000","","2633.220000","","46.000000","","","","","","","","","","","","","","","","","","","3.520000"
"Repco Home Finance Ltd.","30-06-2025","3","ITR","443.390000","440.260000","","","3.130000","0.440000","2.690000","","","440.700000","3.130000","","335.440000","","27.830000","17.460000","","244.070000","7.700000","38.380000","45.290000","297.060000","25.160000","2.690000","107.950000","","62.560000","","25.000000","","","","","","","","","","","","","","","","","","","5.400000","30-09-2025","3","ITR","447.150000","445.080000","","","2.070000","0.610000","1.460000","","","445.690000","2.070000","","340.210000","","34.310000","18.100000","","244.400000","7.900000","35.500000","52.410000","304.710000","26.000000","1.460000","106.940000","","62.560000","","","","11494.040000","","96.740000","","","99.460000","84.020000","","5.030000","","","","14968.230000","","-341.380000","311.580000","181.030000","5.500000","31-12-2025","3","ITR","472.700000","456.930000","","","15.770000","0.200000","15.570000","","","457.130000","15.770000","","363.930000","","42.310000","22.220000","","248.930000","10.270000","40.200000","64.530000","323.730000","32.490000","15.570000","108.770000","","62.560000","","20.000000","","","","","","","","","","","","","","","","","","","5.600000"
"S R G Housing Finance Ltd.","30-06-2025","3","ITR","42.690000","41.710000","","","0.980000","0.980000","","","","42.690000","1.370000","","35.910000","","11.590000","4.480000","","16.750000","1.440000","1.650000","16.070000","34.260000","5.920000","","6.780000","","15.680000","248.270000","","","","","","","","","","","","","","","","","","","","2.620000","30-09-2025","3","ITR","48.450000","47.810000","","","0.640000","0.640000","","","","48.450000","1.050000","","40.200000","","12.720000","5.260000","","18.100000","1.510000","2.610000","17.980000","37.590000","6.770000","","8.250000","","15.680000","248.270000","","","685.360000","","16.250000","","","","21.940000","","","","","","901.670000","","-94.190000","101.090000","21.320000","2.810000","31-12-2025","3","ITR","51.250000","50.450000","","","0.800000","0.800000","","","","51.250000","1.190000","","43.040000","","12.740000","5.680000","","20.110000","1.530000","2.980000","18.420000","40.060000","7.210000","","8.210000","","15.690000","248.270000","","","","","","","","","","","","","","","","","","","","2.680000"
"Sammaan Capital Ltd.","30-06-2025","3","ITR","2200.200000","2191.870000","","","8.330000","8.330000","","","","2200.200000","8.330000","","1902.760000","","157.480000","65.040000","","1132.090000","18.690000","529.460000","222.520000","1373.300000","83.730000","","297.440000","","165.880000","","","","","","","","","","","","","","","","","","","","","6.500000","30-09-2025","3","ITR","2069.120000","2062.550000","","","6.570000","6.570000","","","","2069.120000","6.570000","","1793.670000","","172.760000","85.710000","","1221.450000","18.440000","295.310000","258.470000","1498.360000","104.150000","","275.450000","","165.880000","","","","43188.830000","","2651.880000","","","","298.640000","","","","","","50587.660000","769.760000","-2440.930000","2808.130000","1735.650000","","31-12-2025","3","ITR","2057.640000","2046.140000","","","11.500000","7.340000","4.160000","","","2053.480000","11.500000","","1772.870000","","71.690000","170.240000","","1386.650000","18.510000","125.780000","241.930000","1647.090000","188.750000","4.160000","284.770000","","165.940000","","","","","","","","","","","","","","","","","","","","",""
"Satin Creditcare Network Ltd.","30-06-2025","3","ITR","641.990000","641.430000","","","0.560000","0.560000","","","","641.990000","9.710000","","599.390000","","140.160000","40.460000","","266.730000","5.370000","146.670000","180.620000","452.720000","45.830000","","42.600000","","110.040000","","","","","","","","","","","","","","","","","","","","","13.480000","30-09-2025","3","ITR","719.590000","715.900000","","","3.690000","0.500000","3.190000","","","716.400000","3.690000","","667.710000","","149.150000","48.940000","","312.510000","5.970000","151.140000","198.090000","516.570000","54.910000","3.190000","51.880000","","110.040000","","","","8522.330000","","543.500000","","","21.100000","89.230000","","0.300000","","","","10667.450000","","837.940000","581.270000","1683.700000","14.690000","31-12-2025","3","ITR","670.820000","669.870000","","","0.950000","0.560000","0.390000","","","670.430000","0.950000","","600.170000","","148.250000","48.480000","","256.340000","7.020000","140.080000","196.730000","460.090000","55.500000","0.390000","70.650000","","110.040000","","","","","","","","","","","","","","","","","","","","",""
"Shriram Finance Ltd.","30-06-2025","3","ITR","11541.760000","11535.630000","","","6.130000","6.130000","","","","11541.760000","234.550000","","9386.030000","","976.470000","799.000000","","5400.760000","173.110000","2036.690000","1775.470000","7349.340000","972.110000","","2155.730000","","376.130000","","","","","","","","","","","","","","","","","","","","","8.110000","30-09-2025","3","ITR","11916.730000","11907.790000","","","8.940000","8.940000","","","","11916.730000","235.270000","","9609.550000","","943.930000","830.220000","","5524.790000","174.440000","2136.170000","1774.150000","7473.380000","1004.660000","","2307.180000","","376.200000","","","","234309.380000","","2935.710000","","","","2806.500000","","","","","","278821.830000","0.970000","-3950.340000","-3622.110000","2649.220000","8.190000","31-12-2025","3","ITR","12191.580000","12165.750000","","","25.830000","25.830000","","","","12191.580000","305.570000","","9669.910000","","1237.260000","848.120000","","5259.100000","176.580000","2148.850000","2085.380000","7521.060000","1024.700000","","2521.670000","","376.270000","","","","","","","","","","","","","","","","","","","","","8.580000"
"South Indian Bank Ltd.","30-06-2025","3","ITR","2984.330000","2362.440000","1882.660000","363.900000","621.890000","621.890000","","","","2984.330000","621.890000","","2662.380000","","420.420000","361.840000","","1529.870000","","350.250000","782.260000","2312.130000","361.840000","","321.950000","","261.630000","","","","1728.090000","","","","","","1025.490000","","","","","","98980.450000","3955.090000","","","","3.030000","30-09-2025","3","ITR","2922.780000","2407.050000","1874.940000","456.060000","515.730000","515.730000","","","","2922.780000","515.730000","","2571.410000","","419.770000","369.180000","","1598.270000","","184.190000","788.950000","2387.220000","369.180000","","351.370000","","261.670000","","","","6647.260000","","","","","","1023.560000","","","","","","100281.020000","4029.060000","2709.510000","2175.480000","10085.280000","2.800000","31-12-2025","3","ITR","3003.460000","2517.530000","1963.000000","497.600000","485.930000","485.930000","","","","3003.460000","485.930000","","2629.140000","","428.690000","353.590000","","1636.850000","","210.010000","782.280000","2419.130000","353.590000","","374.320000","","261.720000","","","","6212.140000","","","","","","1025.800000","","","","","","103412.170000","3949.530000","","","","2.860000"
"State Bank Of India","30-06-2025","3","ITR","135341.560000","117995.880000","85437.920000","27749.200000","17345.680000","17345.680000","","","","135341.560000","17345.680000","","116181.120000","","16899.520000","10974.180000","","76923.390000","","11384.030000","27873.700000","104797.090000","10974.180000","","19160.440000","","892.460000","","","","537749.180000","","","","","","51555.000000","","","","","","4568617.140000","464838.740000","","","","2.900000","30-09-2025","3","ITR","139572.690000","119653.930000","86182.580000","28278.730000","19918.760000","15325.540000","4593.220000","","","134979.470000","19918.760000","","119413.020000","","16605.950000","14392.730000","","76669.870000","","11744.470000","30998.680000","107668.550000","14392.730000","4593.220000","20159.670000","","923.060000","","","","600551.030000","","","","","","52094.200000","","","","","","4754065.580000","453229.230000","49429.910000","-7026.600000","392328.600000","2.930000","31-12-2025","3","ITR","140914.650000","122556.120000","89013.950000","28427.510000","18358.530000","18358.530000","","","","140914.650000","18358.530000","","119886.500000","","16003.060000","14683.440000","","77365.760000","","11834.240000","30686.500000","108052.260000","14683.440000","","21028.150000","","923.060000","","","","635706.860000","","","","","","53423.070000","","","","","","4922658.740000","452114.020000","","","","2.950000"
"Suryoday Small Finance Bank Ltd.","30-06-2025","3","ITR","603.820000","495.170000","433.850000","51.120000","108.650000","108.650000","","","","603.820000","108.650000","","568.540000","","115.340000","131.530000","","248.030000","","73.640000","246.870000","494.900000","131.530000","","35.280000","","106.280000","","","","2284.500000","","","","","","285.870000","","","","","","11951.960000","496.880000","","","","7.200000","30-09-2025","3","ITR","599.500000","519.660000","455.450000","53.820000","79.840000","79.840000","","","","599.500000","79.840000","","569.090000","","126.430000","132.470000","","261.450000","","48.740000","258.900000","520.350000","132.470000","","30.410000","","106.290000","","","","2164.850000","","","","","","290.180000","","","","","","12316.660000","583.570000","585.850000","-545.380000","1429.480000","6.900000","31-12-2025","3","ITR","624.750000","543.870000","477.100000","51.760000","80.880000","80.880000","","","","624.750000","80.880000","","588.190000","","127.720000","140.780000","0.180000","267.060000","","52.450000","268.500000","535.560000","140.780000","-0.180000","36.560000","","106.290000","","","","1680.200000","","","","","","291.850000","","","","","","12800.030000","559.230000","","","","7.300000"
"Tamilnad Mercantile Bank Ltd.","30-06-2025","3","ITR","1617.470000","1386.240000","1107.050000","261.540000","231.230000","231.230000","","","","1617.470000","231.230000","","1312.580000","","222.830000","175.690000","","806.690000","","107.370000","398.520000","1205.210000","175.690000","","304.890000","","158.350000","","","","535.380000","","","","","","274.730000","","","","","","48823.570000","3066.940000","","","","3.840000","30-09-2025","3","ITR","1621.460000","1413.390000","1126.510000","271.280000","208.070000","208.070000","","","","1621.460000","208.070000","","1303.950000","","175.840000","176.930000","","816.260000","","134.920000","352.770000","1169.030000","176.930000","","317.510000","","158.350000","","","","1283.720000","","","","","","274.080000","","","","","","50039.520000","2188.190000","-1536.110000","609.530000","3449.700000","3.830000","31-12-2025","3","ITR","1665.420000","1469.410000","1197.000000","261.820000","196.010000","196.010000","","","","1665.420000","196.010000","","1323.920000","","175.140000","198.780000","","823.270000","","126.730000","373.920000","1197.190000","198.780000","","341.500000","","158.350000","","","","","","","","","","","","","","","","","","","","","4.040000"
"Tata Capital Ltd.","30-06-2025","3","ITR","5600.260000","5574.840000","","","25.420000","25.420000","","","","5600.260000","105.650000","","5032.180000","","507.340000","466.910000","","2871.370000","104.960000","1081.600000","974.250000","3950.580000","571.870000","","568.080000","","","","","","","","","","","","","","","","","","","","","","","","30-09-2025","3","ITR","5592.120000","5584.440000","","","7.680000","7.680000","","","","5592.120000","59.230000","","4931.510000","","571.070000","506.560000","","2741.830000","121.590000","990.460000","1077.630000","3941.050000","628.150000","","660.610000","","","","","","146800.640000","","3545.060000","","","","2294.200000","","20.320000","","","","166761.450000","","-4440.690000","-877.050000","2166.910000","","31-12-2025","3","ITR","5786.080000","5783.280000","","","2.800000","2.800000","","","","5786.080000","55.010000","","4996.220000","","583.200000","545.560000","36.150000","2678.120000","127.870000","1025.320000","1128.760000","3934.750000","673.430000","-36.150000","789.860000","","","","","","","","","","","","","","","","","","","","","","",""
"Tourism Finance Corpn. Of India Ltd.","30-06-2025","3","ITR","65.820000","63.710000","","","2.110000","2.110000","","","","65.820000","2.110000","","35.260000","","3.890000","2.080000","","21.550000","0.140000","7.600000","5.970000","27.660000","2.220000","","30.560000","","92.600000","","","","","","","","","","","","","","","","","","","","","6.440000","30-09-2025","3","ITR","66.480000","66.450000","","","0.030000","0.030000","","","","66.480000","0.030000","","37.410000","","3.710000","2.640000","","23.420000","0.140000","7.500000","6.350000","29.910000","2.780000","","29.070000","","92.600000","","","","1030.760000","","27.550000","","","","13.510000","","","","","","1903.280000","","-51.420000","-27.980000","61.250000","","31-12-2025","3","ITR","70.580000","69.630000","","","0.950000","0.950000","","","","70.580000","0.950000","","38.760000","","3.610000","2.780000","","23.710000","0.140000","8.520000","6.390000","30.240000","2.920000","","31.820000","","92.600000","","","","","","","","","","","","","","","","","","","","",""
"Uco Bank","30-06-2025","3","ITR","7433.210000","6436.010000","4490.890000","1564.610000","997.200000","997.200000","","","","7433.210000","997.200000","","6825.770000","","1276.350000","561.820000","","4032.780000","","954.820000","1838.170000","5870.950000","561.820000","","607.440000","","12539.560000","15418.440000","","","26516.230000","","","","","","3877.400000","","","","","","253171.520000","14505.720000","","","","2.960000","30-09-2025","3","ITR","7421.390000","6537.170000","4626.120000","1615.180000","884.220000","884.220000","","","","7421.390000","884.220000","","6801.630000","","1214.030000","589.710000","","4004.450000","","993.440000","1803.740000","5808.190000","589.710000","","619.760000","","12539.560000","15418.440000","","","21473.820000","","","","","","3926.890000","","","","","","254061.820000","13721.860000","-7316.350000","-520.160000","28293.090000","2.900000","31-12-2025","3","ITR","7521.160000","6651.840000","4717.780000","1652.850000","869.320000","869.320000","","","","7521.160000","869.320000","","6781.650000","","1183.010000","652.190000","","4005.720000","","940.730000","1835.200000","5840.920000","652.190000","","739.510000","","12539.560000","15418.440000","","","25525.050000","","","","","","4123.520000","","","","","","264021.820000","12009.920000","","","","3.080000"
"Ujjivan Small Finance Bank Ltd.","30-06-2025","3","ITR","1867.830000","1618.840000","1398.840000","211.860000","248.990000","248.990000","","","","1867.830000","248.990000","","1764.610000","","411.750000","332.710000","","762.890000","","257.260000","744.460000","1507.350000","332.710000","","103.220000","","1935.350000","","","","","","","","","","","","","","","","","","","","","7.700000","30-09-2025","3","ITR","1938.660000","1682.310000","1472.700000","203.010000","256.350000","256.350000","","","","1938.660000","256.350000","","1816.940000","","435.460000","347.330000","","760.630000","","273.520000","782.790000","1543.420000","347.330000","","121.720000","","1937.150000","","","","2961.670000","","","","","","489.910000","","","","","","36493.520000","1027.020000","794.430000","122.350000","2435.600000","7.900000","31-12-2025","3","ITR","2047.400000","1751.920000","1547.590000","199.430000","295.480000","295.480000","","","","2047.400000","295.480000","","1861.680000","","473.810000","382.340000","","751.450000","","254.080000","856.150000","1607.600000","382.340000","","185.720000","","1938.460000","","","","","","","","","","","","","","","","","","","","","8.200000"
"Union Bank Of India","30-06-2025","3","ITR","31781.340000","27295.560000","20096.220000","5822.100000","4485.780000","4485.780000","","","","31781.340000","4485.780000","","27665.810000","","3945.900000","2743.770000","","18183.010000","","2793.130000","6689.670000","24872.680000","2743.770000","","4115.530000","","7633.610000","104030.130000","","","67655.250000","","","","","","9848.140000","","","","","","1085348.200000","46104.670000","","","","2.760000","30-09-2025","3","ITR","31186.390000","26190.570000","19625.040000","5417.480000","4995.820000","4995.820000","","","","31186.390000","4995.820000","","26937.310000","","3908.650000","3085.590000","","17378.200000","","2564.870000","6994.240000","24372.440000","3085.590000","","4249.080000","","7633.610000","","","","68595.650000","","","","","","9949.340000","","","","","","1061374.670000","56825.240000","-17179.660000","-303.130000","113043.560000","2.670000","31-12-2025","3","ITR","30984.460000","26443.410000","19883.620000","5639.690000","4541.050000","4541.050000","","","","30984.460000","4541.050000","","25967.690000","","4011.100000","2916.280000","","17115.480000","","1924.830000","6927.380000","24042.860000","2916.280000","","5016.770000","","7633.610000","","","","78440.730000","","","","","","9849.260000","","","","","","1070187.220000","71239.030000","","","","2.760000"
"Utkarsh Small Finance Bank Ltd.","30-06-2025","3","ITR","1098.050000","880.910000","756.360000","81.010000","217.140000","137.750000","79.390000","","","1018.660000","217.140000","","1337.530000","","228.200000","219.730000","","479.090000","","410.510000","447.930000","927.020000","219.730000","79.390000","-239.480000","","1101.610000","","","","","","","","","","","","","","","","","","","","","5.900000","30-09-2025","3","ITR","1053.830000","839.970000","714.050000","86.980000","213.860000","97.350000","116.510000","","","937.320000","213.860000","","1402.290000","","236.240000","214.900000","","489.500000","","461.650000","451.140000","940.640000","214.900000","116.510000","-348.460000","","1101.610000","","","","1957.910000","","","","","","416.580000","","","","","","20730.170000","886.500000","2575.190000","-396.860000","3832.690000","5.100000","31-12-2025","3","ITR","1017.380000","821.150000","680.160000","114.230000","196.230000","80.560000","115.670000","","","901.710000","196.230000","","1392.400000","","246.200000","226.990000","","472.800000","","446.410000","473.190000","945.990000","226.990000","115.670000","-375.020000","","1779.520000","","","","","","","","","","","","","","","","","","","","","5.100000"
"Yes Bank Ltd.","30-06-2025","3","ITR","9348.110000","7595.880000","5766.390000","1363.480000","1752.230000","1752.230000","","","","9348.110000","1752.230000","","8547.040000","","1020.410000","1745.250000","","5224.410000","","556.970000","2765.660000","7990.070000","1745.250000","","801.070000","","6273.120000","","","","66560.450000","","","","","","3106.410000","","","","","","264941.330000","61020.030000","","","","2.500000","30-09-2025","3","ITR","9023.150000","7378.840000","5632.990000","1284.520000","1644.310000","1644.310000","","","","9023.150000","1644.310000","","8368.680000","","1006.840000","1641.850000","","5077.960000","","642.030000","2648.690000","7726.650000","1641.850000","","654.470000","","6274.460000","","","","61955.380000","","","","","","3151.900000","","","","","","282490.040000","60189.100000","12503.560000","-9622.410000","32278.130000","2.500000","31-12-2025","3","ITR","9175.840000","7543.220000","5743.580000","1392.610000","1632.620000","1632.620000","","","","9175.840000","1632.620000","","8224.220000","","1013.670000","1695.500000","155.430000","5077.620000","","282.000000","2709.170000","7786.790000","1695.500000","-155.430000","951.620000","","6275.690000","","","","63032.940000","","","","","","3179.050000","","","","","","276738.150000","54932.710000","","","","2.600000"
