id,company,document_type,fiscal_year,quarter,call_date,transcript_url,ppt_url,summary_url
1,RELIANCE,concall,,,Apr 2026,https://www.bseindia.com/xml-data/corpfiling/AttachLive/971d8c86-397a-4780-b843-5a84d3006d0b.pdf,https://www.bseindia.com/xml-data/corpfiling/AttachLive/5145c56f-ff81-4812-9663-f9b2461c4b2c.pdf,https://www.screener.in/concalls/summary/23147154/
2,RELIANCE,concall,,,Jan 2026,https://www.bseindia.com/xml-data/corpfiling/AttachHis/26290395-526a-441f-a347-c8ac12e4adf3.pdf,,https://www.screener.in/concalls/summary/23068296/
3,RELIANCE,concall,,,Jan 2026,https://www.bseindia.com/xml-data/corpfiling/AttachHis/26290395-526a-441f-a347-c8ac12e4adf3.pdf,https://www.bseindia.com/xml-data/corpfiling/AttachHis/d0e06e07-5a3e-4bc0-a6a6-76635bc53238.pdf,https://www.screener.in/concalls/summary/23068282/
4,RELIANCE,concall,,,Oct 2025,https://www.bseindia.com/xml-data/corpfiling/AttachHis/f2454c0f-aad9-4d23-add0-dfe3d49aa8d6.pdf,https://www.bseindia.com/xml-data/corpfiling/AttachHis/b74bb5fb-c15b-42f1-b853-34231e587f46.pdf,https://www.screener.in/concalls/summary/23041167/
5,RELIANCE,concall,,,Oct 2025,,https://www.bseindia.com/xml-data/corpfiling/AttachHis/7a050d55-ad53-4d57-8735-cbcf20bb412b.pdf,
6,RELIANCE,concall,,,Jul 2025,https://www.bseindia.com/xml-data/corpfiling/AttachHis/38a33049-ed9e-4544-ace5-a92e5f984f23.pdf,https://www.bseindia.com/xml-data/corpfiling/AttachHis/49a01d99-854c-4c3a-b62c-e1fb3619029f.pdf,https://www.screener.in/concalls/summary/23018504/
7,RELIANCE,concall,,,Apr 2025,https://www.bseindia.com/xml-data/corpfiling/AttachHis/3e36b485-0a6c-4f84-bf74-7d60b0e26d9d.pdf,,https://www.screener.in/concalls/summary/22993911/
8,RELIANCE,concall,,,Apr 2025,https://www.bseindia.com/xml-data/corpfiling/AttachHis/b6203612-be21-4d28-ace9-6496cd3fb8b2.pdf,https://www.bseindia.com/xml-data/corpfiling/AttachHis/ac3d5e8f-9a84-4510-99e8-71eabcf49a01.pdf,https://www.screener.in/concalls/summary/22993912/
9,RELIANCE,concall,,,Jan 2025,https://www.bseindia.com/xml-data/corpfiling/AttachHis/aa0547ba-09ef-404d-b57d-c216d1513f17.pdf,,https://www.screener.in/concalls/summary/22972026/
10,RELIANCE,concall,,,Jan 2025,https://www.bseindia.com/xml-data/corpfiling/AttachHis/89c33a3e-5683-4a1d-b8f9-1952ff4df63f.pdf,https://www.bseindia.com/xml-data/corpfiling/AttachHis/cb5da39b-b46a-45f7-b2b6-932a4f2ecf91.pdf,https://www.screener.in/concalls/summary/22972025/
11,RELIANCE,concall,,,Oct 2024,https://www.bseindia.com/xml-data/corpfiling/AttachHis/0e6309fa-450f-4db6-88b2-d76d9a3ff756.pdf,https://www.bseindia.com/xml-data/corpfiling/AttachHis/fd1fe004-0eb0-4a2b-9859-7b62a89e451c.pdf,https://www.screener.in/concalls/summary/22949407/
12,RELIANCE,concall,,,Aug 2024,,https://www.bseindia.com/xml-data/corpfiling/AttachHis/9364b18a-7921-4029-bcfa-78921cd7807e.pdf,
13,RELIANCE,concall,,,Jul 2024,https://www.bseindia.com/xml-data/corpfiling/AttachHis/191e6ab9-4751-4017-ba5f-bb63daf2d871.pdf,https://www.bseindia.com/xml-data/corpfiling/AttachHis/24faf885-ece1-4852-b0fe-91fc8643dc1c.pdf,https://www.screener.in/concalls/summary/22929497/
14,RELIANCE,concall,,,Apr 2024,https://www.bseindia.com/xml-data/corpfiling/AttachHis/06b05d06-8c38-4aee-aa5b-5e7108ae3871.pdf,https://www.bseindia.com/xml-data/corpfiling/AttachHis/0501df4e-7d64-455d-bbb0-4b2118067e51.pdf,https://www.screener.in/concalls/summary/22010117/
15,RELIANCE,concall,,,Jan 2024,https://www.bseindia.com/xml-data/corpfiling/AttachHis/de3e8ff3-efca-4266-9bc8-7509f48574a4.pdf,https://www.bseindia.com/xml-data/corpfiling/AttachHis/1cb66ca2-dfd5-4f46-986f-03b0661bd486.pdf,https://www.screener.in/concalls/summary/18520636/
16,RELIANCE,concall,,,Oct 2023,https://www.bseindia.com/xml-data/corpfiling/AttachHis/ef9baa21-923a-48ad-9fb7-2157af59ae16.pdf,https://www.bseindia.com/xml-data/corpfiling/AttachHis/f9c9eba2-4b08-430f-a3a0-0dd5419b7f8f.pdf,https://www.screener.in/concalls/summary/15579504/
17,RELIANCE,concall,,,Aug 2023,,https://www.bseindia.com/xml-data/corpfiling/AttachHis/7cf2df9a-51bb-45d4-9004-3cad20b5920b.pdf,
18,RELIANCE,concall,,,Jul 2023,https://www.bseindia.com/xml-data/corpfiling/AttachHis/f2fa506f-675b-46db-9f7b-26303a05d6b9.pdf,https://www.bseindia.com/xml-data/corpfiling/AttachHis/dc6d4a06-e2bc-4df4-8b8a-5db0f50b1918.pdf,https://www.screener.in/concalls/summary/12406467/
19,RELIANCE,concall,,,Apr 2023,https://www.bseindia.com/xml-data/corpfiling/AttachHis/9c8c3f07-883a-476b-8fb2-8fe74078e9f5.pdf,https://www.bseindia.com/xml-data/corpfiling/AttachHis/7c228ccc-99ad-4bd9-be72-0a746c30ebee.pdf,https://www.screener.in/concalls/summary/9464587/
20,RELIANCE,concall,,,Jan 2023,https://www.bseindia.com/xml-data/corpfiling/AttachHis/dfb275bd-fd47-4a38-964e-21a67e26b3c2.pdf,https://www.bseindia.com/xml-data/corpfiling/AttachHis/1ef9c86c-8f99-4791-a677-ea8a65e4ef28.pdf,https://www.screener.in/concalls/summary/6910417/
21,RELIANCE,concall,,,Oct 2022,https://www.bseindia.com/xml-data/corpfiling/AttachHis/aa7a60c6-791d-4e59-94e6-9f94c3a506fc.pdf,https://www.bseindia.com/xml-data/corpfiling/AttachHis/d6182ad1-6f8e-4112-b865-984ea1035107.pdf,https://www.screener.in/concalls/summary/4539079/
22,RELIANCE,concall,,,Jul 2022,,https://www.bseindia.com/xml-data/corpfiling/AttachHis/9e81c058-6b85-4f18-ba5a-bbdd72156edf.pdf,
23,RELIANCE,concall,,,May 2022,,https://www.bseindia.com/xml-data/corpfiling/AttachHis/bf7646f7-940a-429b-b3eb-0625715f6aeb.pdf,
24,RELIANCE,concall,,,Feb 2022,,https://www.bseindia.com/xml-data/corpfiling/AttachHis/7d172a7c-9056-4588-ad0c-d5c114ff902a.pdf,
25,RELIANCE,concall,,,Jan 2022,,https://www.bseindia.com/xml-data/corpfiling/AttachHis/6047c516-bdab-4a88-9103-81d6ddad23d5.pdf,
26,RELIANCE,concall,,,Oct 2021,,https://www.bseindia.com/xml-data/corpfiling/AttachHis/1008c763-0d31-4432-a031-6dd4afda0c72.pdf,
27,RELIANCE,concall,,,Jul 2021,,https://www.bseindia.com/xml-data/corpfiling/AttachHis/33e997e6-025e-478e-b71f-fb59dca2a4ef.pdf,
28,RELIANCE,concall,,,Apr 2021,,https://www.bseindia.com/xml-data/corpfiling/AttachHis/b9139079-b211-4486-a604-ef5b85a7985e.pdf,
29,RELIANCE,concall,,,Feb 2021,,https://www.bseindia.com/xml-data/corpfiling/AttachHis/caff4f40-fd8f-49ae-929c-f5dae4c98ec3.pdf,
30,RELIANCE,concall,,,Feb 2021,,https://www.bseindia.com/xml-data/corpfiling/AttachHis/4c079f28-425e-4fb4-a830-ae9f4fde355d.pdf,
31,RELIANCE,concall,,,Jan 2021,,https://www.bseindia.com/xml-data/corpfiling/AttachHis/c44095c1-55cb-4048-a235-6f776dd054e9.pdf,
32,RELIANCE,concall,,,Jan 2021,,https://www.bseindia.com/xml-data/corpfiling/AttachHis/ee845952-2c47-4abc-b15a-ab759c068efe.pdf,
33,RELIANCE,concall,,,Oct 2020,,https://www.bseindia.com/xml-data/corpfiling/AttachHis/ef91573e-ebb9-4257-8209-b684d9380a3e.pdf,
34,RELIANCE,concall,,,Jul 2020,,https://www.bseindia.com/xml-data/corpfiling/AttachHis/c9c7754a-ab5a-4463-a5cb-3baafbef135d.pdf,
35,RELIANCE,concall,,,May 2020,,https://www.bseindia.com/xml-data/corpfiling/AttachHis/8841c2b4-6659-4ea6-aefd-9874fee15705.pdf,
36,RELIANCE,concall,,,Jan 2020,,https://www.bseindia.com/xml-data/corpfiling/AttachHis/a738dab1-1698-4a4f-b863-148b5c5023e0.pdf,
37,RELIANCE,concall,,,Oct 2019,,https://www.bseindia.com/xml-data/corpfiling/AttachHis/5f6d2f75-5b1f-4c8b-87eb-34e3c8246fb1.pdf,
38,RELIANCE,concall,,,Oct 2019,,https://www.bseindia.com/xml-data/corpfiling/AttachHis/bcf1b986-0d58-4126-b3fa-cf67e7b44e14.pdf,
39,RELIANCE,concall,,,Apr 2019,,https://www.bseindia.com/xml-data/corpfiling/AttachHis/05c527f3-c7ff-4e83-a2b3-d7d92b20969d.pdf,
40,RELIANCE,concall,,,Jan 2019,,https://www.bseindia.com/xml-data/corpfiling/CorpAttachment/2019/1/040c976b-6d40-4903-905e-27820f21eb05.pdf,
41,RELIANCE,concall,,,Oct 2018,,https://www.bseindia.com/xml-data/corpfiling/CorpAttachment/2018/10/d71a237f-6917-4594-969d-cfd62d1849d9.pdf,
42,RELIANCE,concall,,,Apr 2018,,https://www.bseindia.com/xml-data/corpfiling/CorpAttachment/2018/4/e0357498-61d2-405d-98c9-02a1e83b556b.pdf,
43,RELIANCE,concall,,,Jan 2018,,https://www.bseindia.com/xml-data/corpfiling/CorpAttachment/2018/1/1a49913c-4798-4f48-ab39-e187ea89caf2.pdf,
44,RELIANCE,concall,,,Oct 2017,,https://www.bseindia.com/xml-data/corpfiling/CorpAttachment/2017/10/421cf002-f53b-4c1c-a8be-de2fdda6fd05.pdf,
45,RELIANCE,concall,,,Jun 2016,,https://www.bseindia.com/stockinfo/AnnPdfOpen.aspx?Pname=6669EE6F_088E_4C15_9839_E2DBB861749D_110427.pdf,
46,RELIANCE,annual_report,,,Financial Year 2025,https://www.bseindia.com/xml-data/corpfiling/AttachHis/468b09a3-a212-4066-bbaa-4b0ba524d2ce.pdf,,
47,RELIANCE,annual_report,,,Financial Year 2024,https://www.bseindia.com/xml-data/corpfiling/AttachHis/d473280d-1c2b-4037-8ff9-dfbb82aa2c7e.pdf,,
48,RELIANCE,annual_report,,,Financial Year 2023,https://www.bseindia.com/xml-data/corpfiling/AttachHis/b55b5dfc-a3bf-4f24-9d7f-ca09774a1dd9.pdf,,
49,RELIANCE,annual_report,,,Financial Year 2022,https://www.bseindia.com/bseplus/AnnualReport/500325/74185500325.pdf,,
50,RELIANCE,annual_report,,,Financial Year 2021,https://www.bseindia.com/bseplus/AnnualReport/500325/68509500325.pdf,,
51,RELIANCE,annual_report,,,Financial Year 2020,https://www.bseindia.com/bseplus/AnnualReport/500325/5003250320.pdf,,
52,RELIANCE,annual_report,,,Financial Year 2019,https://www.bseindia.com/bseplus/AnnualReport/500325/5003250319.pdf,,
53,RELIANCE,annual_report,,,Financial Year 2018,https://www.bseindia.com/bseplus/AnnualReport/500325/5003250318.pdf,,
54,RELIANCE,annual_report,,,Financial Year 2017,https://www.bseindia.com/bseplus/AnnualReport/500325/5003250317.pdf,,
55,RELIANCE,annual_report,,,Financial Year 2016,https://www.bseindia.com/bseplus/AnnualReport/500325/5003250316.pdf,,
56,RELIANCE,annual_report,,,Financial Year 2015,https://www.bseindia.com/bseplus/AnnualReport/500325/5003250315.pdf,,
57,RELIANCE,annual_report,,,Financial Year 2014,https://www.bseindia.com/bseplus/AnnualReport/500325/5003250314.pdf,,
58,RELIANCE,annual_report,,,Financial Year 2013,https://archives.nseindia.com/annual_reports/AR_19_RELIANCE_2012_2013_08052013171218.zip,,
59,RELIANCE,annual_report,,,Financial Year 2013,https://www.bseindia.com/bseplus/AnnualReport/500325/5003250313.pdf,,
60,RELIANCE,annual_report,,,Financial Year 2012,https://www.bseindia.com/bseplus/AnnualReport/500325/5003250312.pdf,,
61,RELIANCE,credit_rating,,,30 Mar from crisil,https://www.crisil.com/mnt/winshare/Ratings/RatingList/RatingDocs/RelianceIndustriesLimited_March 30_ 2026_RR_392495.html,,
62,RELIANCE,credit_rating,,,30 Jan from crisil,https://www.crisil.com/mnt/winshare/Ratings/RatingList/RatingDocs/FirstBusinessReceivablesTrust_January 30_ 2026_RR_387316.html,,
63,RELIANCE,credit_rating,,,29 Jan from icra,https://www.icra.in/Rationale/ShowRationaleReport/?Id=140636,,
64,RELIANCE,credit_rating,,,30 Oct 2025 from crisil,https://www.crisil.com/mnt/winshare/Ratings/RatingList/RatingDocs/RelianceIndustriesLimited_October 30_ 2025_RR_379987.html,,
65,RELIANCE,credit_rating,,,30 Jul 2025 from crisil,https://www.crisil.com/mnt/winshare/Ratings/RatingList/RatingDocs/FirstBusinessReceivablesTrust_July 30_ 2025_RR_374300.html,,
66,RELIANCE,credit_rating,,,4 Jul 2025 from care,https://www.careratings.com/upload/CompanyFiles/PR/202507130705_Reliance_Industries_Limited.pdf,,
67,TCS,concall,,,Apr 2026,https://www.bseindia.com/xml-data/corpfiling/AttachHis/07ae2d32-1050-4e80-96ff-eb2d98378d4e.pdf,,https://www.screener.in/concalls/summary/23144018/
68,TCS,concall,,,Mar 2026,,https://www.tcs.com/content/dam/tcs/investor-relations/financial-statements/2025-26/q4/Presentations/Q4%202025-26%20Fact%20Sheet.pdf,
69,TCS,concall,,,Jan 2026,https://www.bseindia.com/xml-data/corpfiling/AttachHis/d70edbab-d5b2-47ae-8820-efacc5052d13.pdf,,https://www.screener.in/concalls/summary/23068084/
70,TCS,concall,,,Dec 2025,https://www.bseindia.com/xml-data/corpfiling/AttachHis/d59af2b6-34c7-4ca1-9455-f4899e5f26cf.pdf,https://www.bseindia.com/xml-data/corpfiling/AttachHis/0d9ed3a7-0106-4b36-840e-ef76c59a3c7a.pdf,https://www.screener.in/concalls/summary/23067273/
71,TCS,concall,,,Nov 2025,https://www.bseindia.com/xml-data/corpfiling/AttachHis/7fa78f01-221c-47fe-a83d-098bc43b0de7.pdf,,https://www.screener.in/concalls/summary/23044800/
72,TCS,concall,,,Oct 2025,https://www.bseindia.com/xml-data/corpfiling/AttachHis/56f7fbb9-5cf4-49e1-95ef-62af7ad2a999.pdf,https://www.tcs.com/content/dam/tcs/investor-relations/financial-statements/2025-26/q2/Presentations/Q2%202025-26%20Fact%20Sheet.pdf,https://www.screener.in/concalls/summary/23040464/
73,TCS,concall,,,Jul 2025,https://www.bseindia.com/xml-data/corpfiling/AttachHis/9cee0fdb-07a3-4dc6-af7a-40dce51e1348.pdf,https://www.tcs.com/content/dam/tcs/investor-relations/financial-statements/2025-26/q1/Presentations/Q1%202025-26%20Fact%20Sheet.pdf,https://www.screener.in/concalls/summary/23017988/
74,TCS,concall,,,Apr 2025,https://www.bseindia.com/xml-data/corpfiling/AttachHis/d3f70d49-123f-40d6-a0a9-b584546c8c63.pdf,https://www.tcs.com/content/dam/tcs/investor-relations/financial-statements/2024-25/q4/Presentations/Q4%202024-25%20Fact%20Sheet.pdf,https://www.screener.in/concalls/summary/22993200/
75,TCS,concall,,,Jan 2025,https://www.bseindia.com/xml-data/corpfiling/AttachHis/5f89d612-0771-4c26-a565-546c1d46ba9c.pdf,https://www.tcs.com/content/dam/tcs/investor-relations/financial-statements/2024-25/q3/Presentations/Q3%202024-25%20Fact%20Sheet.pdf,https://www.screener.in/concalls/summary/22971846/
76,TCS,concall,,,Oct 2024,https://www.bseindia.com/xml-data/corpfiling/AttachHis/a7066eb7-d5d8-4d9e-87fd-ed222315999d.pdf,https://www.tcs.com/content/dam/tcs/investor-relations/financial-statements/2024-25/q2/Presentations/Q2%202024-25%20Fact%20Sheet.pdf,https://www.screener.in/concalls/summary/22949370/
77,TCS,concall,,,Aug 2024,https://www.bseindia.com/xml-data/corpfiling/AttachHis/0a723c36-afac-4687-af0d-c01fd45c8815.pdf,https://www.bseindia.com/xml-data/corpfiling/AttachHis/8dd38adb-a021-420f-bff8-1b9f0fe1351b.pdf,https://www.screener.in/concalls/summary/22929148/
78,TCS,concall,,,Jul 2024,,https://www.tcs.com/content/dam/tcs/investor-relations/financial-statements/2024-25/q1/Presentations/Q1%202024-25%20Fact%20Sheet.pdf,
79,TCS,concall,,,Apr 2024,https://www.bseindia.com/xml-data/corpfiling/AttachHis/5c6ff602-30d9-490a-b147-1d824b5b6665.pdf,https://www.tcs.com/content/dam/tcs/investor-relations/financial-statements/2023-24/q4/Presentations/Q4%202023-24%20Fact%20Sheet.pdf,https://www.screener.in/concalls/summary/21784345/
80,TCS,concall,,,Jan 2024,https://www.bseindia.com/xml-data/corpfiling/AttachHis/215a0356-bb8c-4b2e-8c13-4e904e90a618.pdf,https://www.tcs.com/content/dam/tcs/investor-relations/financial-statements/2023-24/q3/Presentations/Q3%202023-24%20Fact%20Sheet.pdf,https://www.screener.in/concalls/summary/18378912/
81,TCS,concall,,,Oct 2023,https://www.bseindia.com/xml-data/corpfiling/AttachHis/e617aaed-ae26-4fc8-8a6e-d79f40adc7f0.pdf,https://www.tcs.com/content/dam/tcs/investor-relations/financial-statements/2023-24/q2/Presentations/Q2%202023-24%20Fact%20Sheet.pdf,https://www.screener.in/concalls/summary/15080779/
82,TCS,concall,,,Jul 2023,https://www.bseindia.com/xml-data/corpfiling/AttachHis/46524061-48f9-497c-8217-2a4ca8479900.pdf,,https://www.screener.in/concalls/summary/12158440/
83,TCS,concall,,,Apr 2023,https://www.bseindia.com/xml-data/corpfiling/AttachHis/0a54627e-6d57-4e58-a672-5f15cbeb3f7e.pdf,https://www.tcs.com/content/dam/tcs/investor-relations/financial-statements/2022-23/q4/Presentations/Q4%20FY%202022-23%20Fact%20sheet.pdf,https://www.screener.in/concalls/summary/9207811/
84,TCS,concall,,,Jan 2023,https://www.bseindia.com/xml-data/corpfiling/AttachHis/76ba7959-5943-41bd-9410-a53f3de41e26.pdf,,https://www.screener.in/concalls/summary/6645203/
85,TCS,concall,,,Oct 2022,https://www.bseindia.com/xml-data/corpfiling/AttachHis/745d6bd9-e798-419a-8d49-b6beef99ab47.pdf,,https://www.screener.in/concalls/summary/4342845/
86,TCS,concall,,,Jul 2022,https://www.bseindia.com/xml-data/corpfiling/AttachHis/76487354-b76f-4d21-8d70-d929f6b480a9.pdf,,https://www.screener.in/concalls/summary/2126544/
87,TCS,concall,,,Apr 2022,https://www.bseindia.com/xml-data/corpfiling/AttachHis/f424c104-aab6-47ba-9659-65a2ce5689e1.pdf,,https://www.screener.in/concalls/summary/1463285/
88,TCS,concall,,,Jan 2022,"https://www.tcs.com/content/dam/tcs/investor-relations/financial-statements/2021-22/q3/Management%20Commentary/Transcript%20of%20the%20Q3%202021-22%20Earnings%20Conference%20Call%20held%20at%202000%20hrs%20IST%20on%20Jan%2012,%202022.pdf",,https://www.screener.in/concalls/summary/1326778/
89,TCS,concall,,,Oct 2021,"https://www.tcs.com/content/dam/tcs/investor-relations/financial-statements/2021-22/q2/Management%20Commentary/Transcript%20of%20the%20Q2%202021-22%20Earnings%20Conference%20Call%20held%20at%202000%20hrs%20IST%20on%20Oct%208,%202021.pdf",,https://www.screener.in/concalls/summary/1326777/
90,TCS,concall,,,Jul 2021,"https://www.tcs.com/content/dam/tcs/investor-relations/financial-statements/2021-22/q1/Management%20Commentary/Transcript%20of%20the%20Q1%202021-22%20Earnings%20Conference%20Call%20held%20at%202000%20hrs%20IST%20on%20Jul%208,%202021.pdf",,https://www.screener.in/concalls/summary/519447/
91,TCS,concall,,,Apr 2021,"https://www.tcs.com/content/dam/tcs/investor-relations/financial-statements/2020-21/q4/Management%20Commentary/Transcript%20of%20the%20Q4%202020-21%20Earnings%20Conference%20Call%20held%20at%202000%20hrs%20IST%20on%20Apr%2012,%202021.pdf",,https://www.screener.in/concalls/summary/519446/
92,TCS,concall,,,Feb 2021,"https://www.tcs.com/content/dam/tcs/investor-relations/financial-statements/2020-21/q3/Management%20Commentary/Transcript%20of%20the%20Q3%202020-21%20Earnings%20Conference%20Call%20held%20at%202000%20hrs%20IST%20on%20Jan%208,%202021.pdf",,https://www.screener.in/concalls/summary/307717/
93,TCS,concall,,,Oct 2020,"https://www.tcs.com/content/dam/tcs/investor-relations/financial-statements/2020-21/q2/Management%20Commentary/Transcript%20of%20the%20Q2%202020-21%20Earnings%20Conference%20Call%20held%20at%202000%20hrs%20IST%20on%20Oct%20%207,%202020.pdf",,https://www.screener.in/concalls/summary/307716/
94,TCS,concall,,,Jul 2020,"https://www.tcs.com/content/dam/tcs/investor-relations/financial-statements/2020-21/q1/Management%20Commentary/Transcript%20of%20the%20Q1%202020-21%20Earnings%20Conference%20Call%20held%20at%202000%20hrs%20IST%20on%20July%209,%202020.pdf",,https://www.screener.in/concalls/summary/307715/
95,TCS,concall,,,Apr 2020,"https://www.tcs.com/content/dam/tcs/investor-relations/financial-statements/2019-20/q4/Management%20Commentary/Transcript%20of%20the%20Q4%202019-20%20Earnings%20Conference%20Call%20held%20at%202000%20hrs%20IST%20on%20April%2016,%202020.pdf",,https://www.screener.in/concalls/summary/307714/
96,TCS,concall,,,Jan 2020,"https://www.tcs.com/content/dam/tcs/investor-relations/financial-statements/2019-20/q3/Management%20Commentary/Transcript%20of%20the%20Q3%202019-20%20Earnings%20Conference%20Call%20held%20at%201730%20hrs%20IST%20on%20January%2017,%202020.pdf",,https://www.screener.in/concalls/summary/307713/
97,TCS,concall,,,Nov 2019,"https://www.tcs.com/content/dam/tcs/investor-relations/financial-statements/2019-20/q2/Management%20Commentary/Transcript%20of%20the%20Q2%202019-20%20Earnings%20Conference%20Call%20held%20at%201900%20hrs%20IST%20on%20October%2010,%202019.pdf",,https://www.screener.in/concalls/summary/307712/
98,TCS,concall,,,Aug 2019,"https://www.tcs.com/content/dam/tcs/investor-relations/financial-statements/2019-20/q1/Management%20Commentary/Transcript%20of%20the%20Q1%202019-20%20Earnings%20Conference%20Call%20held%20at%201900%20hrs%20IST%20on%20July%209,%202019.pdf",,https://www.screener.in/concalls/summary/307711/
99,TCS,concall,,,Apr 2019,"https://www.tcs.com/content/dam/tcs/investor-relations/financial-statements/2018-19/q4/Management%20Commentary/Transcript%20of%20the%20Q4%202018-19%20Earnings%20Conference%20Call%20held%20at%201930%20hrs%20IST%20on%20April%2012,%202019.pdf",,https://www.screener.in/concalls/summary/307710/
100,TCS,concall,,,Jan 2019,"https://www.tcs.com/content/dam/tcs/investor-relations/financial-statements/2018-19/q3/Management%20Commentary/Transcript%20of%20the%20Q3%202018-19%20Earnings%20Conference%20Call%20held%20at%201900%20hrs%20IST%20on%20January%2010,%202019.pdf",,https://www.screener.in/concalls/summary/307709/
101,TCS,concall,,,Oct 2018,"https://www.tcs.com/content/dam/tcs/investor-relations/financial-statements/2018-19/q2/Management%20Commentary/Transcript%20of%20the%20Q2%202018-19%20Earnings%20Conference%20Call%20held%20at%2019%2000%20hrs%20IST%20on%20October%2011,%202018.pdf",,https://www.screener.in/concalls/summary/307708/
102,TCS,concall,,,Jul 2018,"https://www.tcs.com/content/dam/tcs/investor-relations/financial-statements/2018-19/q1/Management%20Commentary/Transcript%20of%20the%20Q1%202018-19%20Earnings%20Conference%20Call%20held%20at%2019%2000%20hrs%20IST%20on%20July%2010,%202018.pdf",,https://www.screener.in/concalls/summary/307707/
103,TCS,concall,,,Apr 2018,"https://www.tcs.com/content/dam/tcs/investor-relations/financial-statements/2017-18/q4/Management%20Commentary/Transcript%20of%20the%20Q4%202017-18%20Earnings%20Conference%20Call%20held%20at%2019%2000%20hrs%20IST%20on%20April%2019,%202018.pdf",,https://www.screener.in/concalls/summary/307706/
104,TCS,concall,,,Feb 2018,"https://www.tcs.com/content/dam/tcs/investor-relations/financial-statements/2017-18/q3/Management%20Commentary/Transcript%20of%20the%20Q3%202017-18%20Earnings%20Conference%20Call%20held%20at%2019%2000%20hrs%20IST%20on%20January%2011,%202018.pdf",,https://www.screener.in/concalls/summary/307705/
105,TCS,concall,,,Oct 2017,"https://www.tcs.com/content/dam/tcs/investor-relations/financial-statements/2017-18/q2/Management%20Commentary/Transcript%20of%20the%20Q2%202017-18%20Earnings%20Conference%20Call%20held%20at%2019%2000%20hrs%20IST%20on%20October%2012,%202017.pdf",,https://www.screener.in/concalls/summary/307704/
106,TCS,concall,,,Aug 2017,"https://www.tcs.com/content/dam/tcs/investor-relations/financial-statements/2017-18/q1/Management%20Commentary/Transcript%20of%20the%20Q1%202017-18%20Earnings%20Conference%20Call%20held%20at%2019%2000%20hrs%20IST%20on%20July%2013,%202017.pdf",,https://www.screener.in/concalls/summary/307703/
107,TCS,concall,,,Jan 2016,,https://www.bseindia.com/stockinfo/AnnPdfOpen.aspx?Pname=6601AB63_2D6D_4FB1_B039_2EE56EC8A7B6_081341.pdf,
108,TCS,annual_report,,,Financial Year 2025,https://www.bseindia.com/xml-data/corpfiling/AttachHis/bb9f9e0a-e4ce-4a4e-997e-0b5de8c2bec0.pdf,,
109,TCS,annual_report,,,Financial Year 2024,https://www.bseindia.com/xml-data/corpfiling/AttachHis/d57e49b6-fd89-4fa8-b591-4f590100db1e.pdf,,
110,TCS,annual_report,,,Financial Year 2023,https://www.bseindia.com/xml-data/corpfiling/AttachHis/3837c1b7-9308-436d-9636-1d6856edf74e.pdf,,
111,TCS,annual_report,,,Financial Year 2022,https://www.bseindia.com/bseplus/AnnualReport/532540/72996532540_17_06_22.pdf,,
112,TCS,annual_report,,,Financial Year 2021,https://www.bseindia.com/bseplus/AnnualReport/532540/68468532540_25_05_21.pdf,,
113,TCS,annual_report,,,Financial Year 2020,https://www.bseindia.com/bseplus/AnnualReport/532540/5325400320.pdf,,
114,TCS,annual_report,,,Financial Year 2019,https://www.bseindia.com/bseplus/AnnualReport/532540/5325400319.pdf,,
115,TCS,annual_report,,,Financial Year 2018,https://www.bseindia.com/bseplus/AnnualReport/532540/5325400318.pdf,,
116,TCS,annual_report,,,Financial Year 2017,https://www.bseindia.com/bseplus/AnnualReport/532540/5325400317.pdf,,
117,TCS,annual_report,,,Financial Year 2016,https://www.bseindia.com/bseplus/AnnualReport/532540/5325400316.pdf,,
118,TCS,annual_report,,,Financial Year 2015,https://www.bseindia.com/bseplus/AnnualReport/532540/5325400315.pdf,,
119,TCS,annual_report,,,Financial Year 2014,https://www.bseindia.com/bseplus/AnnualReport/532540/5325400314.pdf,,
120,TCS,annual_report,,,Financial Year 2013,https://archives.nseindia.com/annual_reports/AR_49_TCS_2012_2013_30052013104153.zip,,
121,TCS,annual_report,,,Financial Year 2013,https://www.bseindia.com/bseplus/AnnualReport/532540/5325400313.pdf,,
122,TCS,annual_report,,,Financial Year 2012,https://www.bseindia.com/bseplus/AnnualReport/532540/5325400312.pdf,,
123,TCS,credit_rating,,,25 Aug 2025 from icra,https://www.icra.in/Rationale/ShowRationaleReport/?Id=137189,,
124,TCS,credit_rating,,,10 Sep 2024 from icra,https://www.icra.in/Rationale/ShowRationaleReport/?Id=129826,,
125,TCS,credit_rating,,,24 Jul 2023 from icra,https://www.icra.in/Rationale/ShowRationaleReport/?Id=121087,,
126,TCS,credit_rating,,,30 May 2022 from icra,https://www.icra.in/Rationale/ShowRationaleReport/?Id=112038,,
127,TCS,credit_rating,,,20 Sep 2021 from icra,https://www.icra.in/Rationale/ShowRationaleReport/?Id=106448,,
128,TCS,credit_rating,,,30 Mar 2021 from icra,https://www.icra.in/Rationale/ShowRationaleReport/?Id=102320,,
129,HDFCBANK,concall,,,Apr 2026,https://www.bseindia.com/xml-data/corpfiling/AttachLive/a77abbbb-954a-4221-8240-67bf0da6ba1c.pdf,https://www.hdfc.bank.in/content/dam/hdfcbankpws/in/en/pdf/about-us/financial-results/2025-2026/quarter-4/q4fy26-earnings-presentation.pdf,https://www.screener.in/concalls/summary/23146002/
130,HDFCBANK,concall,,,Mar 2026,https://www.bseindia.com/xml-data/corpfiling/AttachHis/56739132-e21e-4503-aeb6-85f4f53c1244.pdf,,https://www.screener.in/concalls/summary/23141990/
131,HDFCBANK,concall,,,Jan 2026,https://www.bseindia.com/xml-data/corpfiling/AttachHis/6e45f8a0-0fe6-40a3-8e5a-51c53713e6f0.pdf,https://www.hdfc.bank.in/content/dam/hdfcbankpws/in/en/pdf/financial-results/2025-2026/quarter-3/Q3FY26-earnings-presentation.pdf,https://www.screener.in/concalls/summary/23069335/
132,HDFCBANK,concall,,,Oct 2025,https://www.bseindia.com/xml-data/corpfiling/AttachHis/145964f9-580c-4d3f-b239-759f7b6a7a28.pdf,http://www.hdfcbank.com/content/bbp/repositories/723fb80a-2dde-42a3-9793-7ae1be57c87f/?path=/Footer/About%20Us/Investor%20Relation/Detail%20PAges/financial%20results/PDFs/2025/oct/Q2FY26-Earnings-Presentation.pdf,https://www.screener.in/concalls/summary/23042443/
133,HDFCBANK,concall,,,Oct 2025,,https://www.hdfcbank.com/content/bbp/repositories/723fb80a-2dde-42a3-9793-7ae1be57c87f/?path=/Footer/About%20Us/Investor%20Relation/Detail%20PAges/financial%20results/PDFs/2025/oct/Q2FY26-Earnings-Presentation.pdf,
134,HDFCBANK,concall,,,Jul 2025,https://www.bseindia.com/xml-data/corpfiling/AttachHis/d1268138-e288-4335-9764-7a944dfa3570.pdf,http://www.hdfcbank.com/content/bbp/repositories/723fb80a-2dde-42a3-9793-7ae1be57c87f/?path=/Footer/About%20Us/Investor%20Relation/Detail%20PAges/financial%20results/PDFs/2025/jul/Q1FY26-Earnings-Presentation.pdf,https://www.screener.in/concalls/summary/23019559/
135,HDFCBANK,concall,,,Apr 2025,https://www.bseindia.com/xml-data/corpfiling/AttachHis/ff4ae1b4-cf07-4f6d-b097-3bd8139fb570.pdf,https://nsearchives.nseindia.com/corporate/HDFCBANK_19042025160318_SEpresentation19042025.pdf,https://www.screener.in/concalls/summary/22993695/
136,HDFCBANK,concall,,,Jan 2025,https://www.bseindia.com/xml-data/corpfiling/AttachHis/a7e4ad26-5c9e-4ffe-a610-28241b35c3b0.pdf,https://www.hdfcbank.com/content/bbp/repositories/723fb80a-2dde-42a3-9793-7ae1be57c87f/?path=/Footer/About%20Us/Investor%20Relation/Detail%20PAges/financial%20results/PDFs/2024/dec/22/Q3FY25-Earnings-Presentation.pdf,https://www.screener.in/concalls/summary/22974234/
137,HDFCBANK,concall,,,Oct 2024,https://www.bseindia.com/xml-data/corpfiling/AttachHis/c7affe75-673f-4507-b421-a7d5bab9d3e6.pdf,https://www.hdfcbank.com/content/bbp/repositories/723fb80a-2dde-42a3-9793-7ae1be57c87f/?path=/Footer/About%20Us/Investor%20Relation/Detail%20PAges/financial%20results/PDFs/2024/oct/Q2FY25-Earnings-Presentation.pdf,https://www.screener.in/concalls/summary/22950657/
138,HDFCBANK,concall,,,Jul 2024,https://www.bseindia.com/xml-data/corpfiling/AttachHis/94d03650-9410-4870-b9ba-d4c553d2740b.pdf,https://www.hdfcbank.com/content/bbp/repositories/723fb80a-2dde-42a3-9793-7ae1be57c87f/?path=/Footer/About%20Us/About%20Investor%20Relations/pdf/2024/july/Q1FY25_Earnings_Presentation.pdf,https://www.screener.in/concalls/summary/22930388/
139,HDFCBANK,concall,,,Jul 2024,,https://www.hdfcbank.com/content/bbp/repositories/723fb80a-2dde-42a3-9793-7ae1be57c87f/?path=/Footer/About%20Us/About%20Investor%20Relations/pdf/2024/july/Q1FY25_Earnings_Presentation.pdfhttps://www.hdfcbank.com/content/bbp/repositories/723fb80a-2dde-42a3-9793-7ae1be57c87f/?path=/Footer/About%20Us/About%20Investor%20Relations/pdf/2024/july/Q1FY25_Earnings_Presentation.pdf,
140,HDFCBANK,concall,,,Apr 2024,https://www.bseindia.com/xml-data/corpfiling/AttachHis/880ee466-e764-4e05-9ef3-3d9bb8e485f4.pdf,https://www.hdfcbank.com/content/bbp/repositories/723fb80a-2dde-42a3-9793-7ae1be57c87f/?path=/Footer/About%20Us/Investor%20Relation/Detail%20PAges/financial%20results/PDFs/2024/20April/Q4FY24-Earnings-Presentation.pdf,https://www.screener.in/concalls/summary/22123261/
141,HDFCBANK,concall,,,Mar 2024,,https://www.bseindia.com/xml-data/corpfiling/AttachHis/12bab14e-f504-46e9-90cd-0881a76dd4a6.pdf,
142,HDFCBANK,concall,,,Feb 2024,https://www.bseindia.com/xml-data/corpfiling/AttachHis/d34bd589-124e-40f2-80b5-82f360a98639.pdf,https://www.bseindia.com/xml-data/corpfiling/AttachHis/163829d1-3b5f-41f7-bd9e-9f3509869245.pdf,https://www.screener.in/concalls/summary/18627149/
143,HDFCBANK,concall,,,Jan 2024,https://www.hdfcbank.com/content/bbp/repositories/723fb80a-2dde-42a3-9793-7ae1be57c87f/?path=/Footer/About%20Us/Investor%20Relation/Detail%20PAges/financial%20results/PDFs/2024/23/Earnings-Call-Transcript-Jan16-2024.pdf,https://www.hdfcbank.com/content/bbp/repositories/723fb80a-2dde-42a3-9793-7ae1be57c87f/?path=/Footer/About%20Us/Investor%20Relation/Detail%20PAges/financial%20results/PDFs/2024/16/Q3FY24_Earnings_Presentation.pdf,https://www.screener.in/concalls/summary/20845202/
144,HDFCBANK,concall,,,Oct 2023,,https://www.hdfcbank.com/content/bbp/repositories/723fb80a-2dde-42a3-9793-7ae1be57c87f/?path=/Footer/About%20Us/Investor%20Relation/Detail%20PAges/Financial%20Information/PDF/HDFC-Bank-Day/1.%20HDFCB_Day_30Oct23_vF.pdf,
145,HDFCBANK,concall,,,Oct 2023,https://www.bseindia.com/xml-data/corpfiling/AttachHis/d420b35c-488c-4ea9-84ca-6183de7e29f4.pdf,https://www.bseindia.com/xml-data/corpfiling/AttachHis/7931b031-359d-4da8-8425-b4f26c2d2547.pdf,https://www.screener.in/concalls/summary/15346091/
146,HDFCBANK,concall,,,Oct 2023,https://www.hdfcbank.com/content/bbp/repositories/723fb80a-2dde-42a3-9793-7ae1be57c87f/?path=/Footer/About%20Us/Investor%20Relation/Detail%20PAges/financial%20results/PDFs/2023/oct/HDFC-EarningsCall-Oct16-2023_CallTranscript.pdf,https://www.hdfcbank.com/content/bbp/repositories/723fb80a-2dde-42a3-9793-7ae1be57c87f/?path=/Footer/About%20Us/Investor%20Relation/Detail%20PAges/financial%20results/PDFs/2023/oct/Q2FY24%20Earnings%20Presentation.pdf,https://www.screener.in/concalls/summary/20845203/
147,HDFCBANK,concall,,,Sep 2023,,https://www.bseindia.com/xml-data/corpfiling/AttachHis/d28f086c-3d7a-4a6d-a138-a0c2123a963a.pdf,
148,HDFCBANK,concall,,,Jul 2023,https://www.bseindia.com/xml-data/corpfiling/AttachHis/989cf3a5-9a81-458e-b0ec-7ea60cc482a7.pdf,https://www.hdfcbank.com/content/bbp/repositories/723fb80a-2dde-42a3-9793-7ae1be57c87f/?path=/Footer/About%20Us/Investor%20Relation/Detail%20PAges/financial%20results/PDFs/2023/july/HDFCB_Q1FY24_Earnings_Presentation.pdf,https://www.screener.in/concalls/summary/12406476/
149,HDFCBANK,concall,,,Apr 2023,https://www.bseindia.com/xml-data/corpfiling/AttachHis/57e720ab-83b3-4b34-bb81-0c364e88c938.pdf,https://www.hdfcbank.com/content/bbp/repositories/723fb80a-2dde-42a3-9793-7ae1be57c87f/?path=/Footer/About%20Us/Investor%20Relation/Detail%20PAges/financial%20results/PDFs/2023/Q4FY23-Earnings-Presentation.pdf,https://www.screener.in/concalls/summary/9350353/
150,HDFCBANK,concall,,,Jan 2023,https://www.bseindia.com/xml-data/corpfiling/AttachHis/42e79ecc-a641-4f9d-8fdc-a4dde6cefb16.pdf,,https://www.screener.in/concalls/summary/6883827/
151,HDFCBANK,concall,,,Jul 2022,https://www.bseindia.com/xml-data/corpfiling/AttachHis/e9327050-8f62-42f3-a539-bd91f156647d.pdf,,https://www.screener.in/concalls/summary/2306405/
152,HDFCBANK,concall,,,Apr 2022,https://www.bseindia.com/xml-data/corpfiling/AttachHis/f5ad442e-6916-47c7-ac65-c42c31df289f.pdf,https://www.bseindia.com/xml-data/corpfiling/AttachHis/25b7a31b-fd86-456f-8a27-51b4119fe7ce.pdf,https://www.screener.in/concalls/summary/1503229/
153,HDFCBANK,concall,,,Apr 2022,,https://www.bseindia.com/xml-data/corpfiling/AttachHis/27bf8aa3-9098-4724-9192-7f384e76f3c2.pdf,
154,HDFCBANK,concall,,,May 2018,,https://www.bseindia.com/xml-data/corpfiling/CorpAttachment/2018/5/b3087c6b-5b89-43bd-bea9-4250ab026f85.pdf,
155,HDFCBANK,annual_report,,,Financial Year 2025,https://www.bseindia.com/xml-data/corpfiling/AttachHis/411e22d2-0720-4cec-b659-9ccd639f0f1a.pdf,,
156,HDFCBANK,annual_report,,,Financial Year 2024,https://www.bseindia.com/xml-data/corpfiling/AttachHis/2160dea5-d49e-4409-83a4-c2b111a3bd12.pdf,,
157,HDFCBANK,annual_report,,,Financial Year 2023,https://www.bseindia.com/xml-data/corpfiling/AttachHis/0fb0e6bd-7110-44c3-a750-76933ddf105c.pdf,,
158,HDFCBANK,annual_report,,,Financial Year 2022,https://www.bseindia.com/bseplus/AnnualReport/500180/73256500180.pdf,,
159,HDFCBANK,annual_report,,,Financial Year 2021,https://www.bseindia.com/bseplus/AnnualReport/500180/68609500180.pdf,,
160,HDFCBANK,annual_report,,,Financial Year 2020,https://www.bseindia.com/bseplus/AnnualReport/500180/5001800320.pdf,,
161,HDFCBANK,annual_report,,,Financial Year 2019,https://www.bseindia.com/bseplus/AnnualReport/500180/5001800319.pdf,,
162,HDFCBANK,annual_report,,,Financial Year 2018,https://www.bseindia.com/bseplus/AnnualReport/500180/5001800318.pdf,,
163,HDFCBANK,annual_report,,,Financial Year 2017,https://www.bseindia.com/bseplus/AnnualReport/500180/5001800317.pdf,,
164,HDFCBANK,annual_report,,,Financial Year 2016,https://www.bseindia.com/bseplus/AnnualReport/500180/5001800316.pdf,,
165,HDFCBANK,annual_report,,,Financial Year 2015,https://www.bseindia.com/bseplus/AnnualReport/500180/5001800315.pdf,,
166,HDFCBANK,annual_report,,,Financial Year 2014,https://www.bseindia.com/bseplus/AnnualReport/500180/5001800314.pdf,,
167,HDFCBANK,annual_report,,,Financial Year 2013,https://www.bseindia.com/bseplus/AnnualReport/500180/5001800313.pdf,,
168,HDFCBANK,annual_report,,,Financial Year 2012,https://www.bseindia.com/bseplus/AnnualReport/500180/5001800312.pdf,,
169,HDFCBANK,annual_report,,,Financial Year 2012,https://archives.nseindia.com/annual_reports/AR_HDFCBANK_2011_2012_20062012100212.zip,,
170,HDFCBANK,credit_rating,,,8 Apr from care,https://www.careratings.com/upload/CompanyFiles/PR/202604140433_HDFC_Bank_Limited.pdf,,
171,HDFCBANK,credit_rating,,,26 Mar from crisil,https://www.crisil.com/mnt/winshare/Ratings/RatingList/RatingDocs/HDFCBankLimited_March 26_ 2026_RR_392072.html,,
172,HDFCBANK,credit_rating,,,19 Mar from care,https://www.careratings.com/upload/CompanyFiles/PR/202603170347_HDFC_Bank_Limited.pdf,,
173,HDFCBANK,credit_rating,,,17 Mar from fitch,https://www.indiaratings.co.in/pressrelease/81926,,
174,HDFCBANK,credit_rating,,,23 Dec 2025 from care,https://www.careratings.com/upload/CompanyFiles/PR/202512141236_HDFC_Bank_Limited.pdf,,
175,HDFCBANK,credit_rating,,,2 Dec 2025 from care,https://www.careratings.com/upload/CompanyFiles/PR/202512141233_HDFC_Bank_Limited.pdf,,
176,INFY,concall,,,Apr 2026,https://www.bseindia.com/xml-data/corpfiling/AttachLive/2ab7badf-388c-4dab-bfcc-3e128677734c.pdf,,https://www.screener.in/concalls/summary/23147532/
177,INFY,concall,,,Feb 2026,https://www.bseindia.com/xml-data/corpfiling/AttachHis/b4632b94-2a41-4103-876d-cdb1f6848d64.pdf,https://www.bseindia.com/xml-data/corpfiling/AttachHis/048f2a46-2734-4c94-be94-07b0c483aaab.pdf,https://www.screener.in/concalls/summary/23135061/
178,INFY,concall,,,Jan 2026,https://www.bseindia.com/xml-data/corpfiling/AttachHis/373b3501-e2a7-4ba4-bdd1-83f6bc21c25c.pdf,,https://www.screener.in/concalls/summary/23068456/
179,INFY,concall,,,Oct 2025,https://www.bseindia.com/xml-data/corpfiling/AttachHis/cf4a6179-8e43-4959-b055-91f1f7f4f076.pdf,,https://www.screener.in/concalls/summary/23041383/
180,INFY,concall,,,Jul 2025,https://www.bseindia.com/xml-data/corpfiling/AttachHis/10c91fa1-f133-476d-ada3-0143acdd9846.pdf,,https://www.screener.in/concalls/summary/23020419/
181,INFY,concall,,,Jun 2025,,https://www.bseindia.com/xml-data/corpfiling/AttachHis/e0ae93b0-2017-45ad-8693-898babbc7583.pdf,
182,INFY,concall,,,Apr 2025,https://www.bseindia.com/xml-data/corpfiling/AttachHis/8c8bbc00-087d-4d75-9171-d37a3f83a170.pdf,https://www.infosys.com/investors/reports-filings/quarterly-results/2024-2025/q4/documents/fact-sheet.pdf,https://www.screener.in/concalls/summary/22993540/
183,INFY,concall,,,Jan 2025,https://www.bseindia.com/xml-data/corpfiling/AttachHis/ba0eb28e-bc2c-46d4-b945-9f4c67091850.pdf,https://www.infosys.com/investors/investorpresentation/ir-presentation.pdf,https://www.screener.in/concalls/summary/22972411/
184,INFY,concall,,,Oct 2024,https://www.bseindia.com/xml-data/corpfiling/AttachHis/166a1b43-d9c7-48a5-b93a-201cd0c324b6.pdf,,https://www.screener.in/concalls/summary/22950045/
185,INFY,concall,,,Jul 2024,https://www.bseindia.com/xml-data/corpfiling/AttachHis/25353afa-0919-47a5-bd94-d149fef7d700.pdf,,https://www.screener.in/concalls/summary/22929961/
186,INFY,concall,,,Apr 2024,https://www.bseindia.com/xml-data/corpfiling/AttachHis/77f16d60-73b2-4877-80fb-c641f2529a70.pdf,,https://www.screener.in/concalls/summary/22010142/
187,INFY,concall,,,Jan 2024,https://www.bseindia.com/xml-data/corpfiling/AttachHis/3c3e2ca9-f0a0-4aa3-a03f-01864f720f74.pdf,,https://www.screener.in/concalls/summary/18378913/
188,INFY,concall,,,Oct 2023,https://www.bseindia.com/xml-data/corpfiling/AttachHis/5bbf010d-5cd7-4d88-a75f-28e72e22c6ab.pdf,,https://www.screener.in/concalls/summary/15246399/
189,INFY,concall,,,Jul 2023,https://www.bseindia.com/xml-data/corpfiling/AttachHis/318c3091-9847-46ea-b9ae-1a54441e99e6.pdf,,https://www.screener.in/concalls/summary/12499825/
190,INFY,concall,,,Jul 2023,https://www.bseindia.com/xml-data/corpfiling/AttachHis/e7de8466-119e-4bdc-b3c4-bd706d87f104.pdf,,https://www.screener.in/concalls/summary/11910938/
191,INFY,concall,,,Apr 2023,https://www.bseindia.com/xml-data/corpfiling/AttachHis/c94d45c5-a44a-49d9-89af-6ef6532c4a30.pdf,,https://www.screener.in/concalls/summary/9350356/
192,INFY,concall,,,Jan 2023,https://www.bseindia.com/xml-data/corpfiling/AttachHis/01712d63-9662-4355-8b54-0534f66678d8.pdf,,https://www.screener.in/concalls/summary/6804195/
193,INFY,concall,,,Oct 2022,https://www.bseindia.com/xml-data/corpfiling/AttachHis/48580c91-e22d-4d3c-aa9f-56c255914c14.pdf,,https://www.screener.in/concalls/summary/4416278/
194,INFY,concall,,,Jul 2022,https://www.bseindia.com/xml-data/corpfiling/AttachHis/55d91053-dd92-4ca3-bd1d-4e419043f37a.pdf,,https://www.screener.in/concalls/summary/2464988/
195,INFY,concall,,,Apr 2022,https://www.bseindia.com/xml-data/corpfiling/AttachHis/c07b78e8-687e-47ef-a212-41f9057b81ea.pdf,,https://www.screener.in/concalls/summary/1476586/
196,INFY,concall,,,Jan 2022,https://www.bseindia.com/xml-data/corpfiling/AttachHis/28eec8d6-de9e-4e4d-92d8-beff066c9b25.pdf,,https://www.screener.in/concalls/summary/1079116/
197,INFY,concall,,,Sep 2021,,https://www.bseindia.com/xml-data/corpfiling/AttachHis/32e14b77-f2f7-486b-b01f-1b64ab965d41.pdf,
198,INFY,concall,,,Aug 2021,https://www.infosys.com/investors/reports-filings/quarterly-results/2021-2022/q1/documents/transcripts/press-conference.pdf,,https://www.screener.in/concalls/summary/518573/
199,INFY,concall,,,Jul 2021,https://www.bseindia.com/xml-data/corpfiling/AttachHis/b4351d41-294f-4958-918d-8aadbe7d85fa.pdf,,https://www.screener.in/concalls/summary/393662/
200,INFY,concall,,,Jan 2021,https://www.infosys.com/investors/reports-filings/quarterly-results/2020-2021/q3/documents/transcripts/earningscall.pdf,,https://www.screener.in/concalls/summary/518572/
201,INFY,concall,,,Jan 2021,https://www.bseindia.com/xml-data/corpfiling/AttachHis/6d098032-b341-4fb0-afdd-ef1f4c7a2993.pdf,,https://www.screener.in/concalls/summary/2720/
202,INFY,concall,,,Dec 2020,,https://www.bseindia.com/xml-data/corpfiling/AttachHis/d206ef44-722a-428e-b305-0ff3ae64627f.pdf,
203,INFY,concall,,,Oct 2020,https://www.bseindia.com/xml-data/corpfiling/AttachHis/1186b66a-e330-4893-85d3-e0d1cf3651d7.pdf,,https://www.screener.in/concalls/summary/2527/
204,INFY,concall,,,Apr 2020,https://www.bseindia.com/xml-data/corpfiling/AttachHis/51df047f-a5f4-433e-9590-85f7e4eb3e1e.pdf,,https://www.screener.in/concalls/summary/2178/
205,INFY,concall,,,Jan 2020,https://www.bseindia.com/xml-data/corpfiling/AttachHis/099b31b8-af67-4383-abaf-57f0586a9fc9.pdf,,https://www.screener.in/concalls/summary/2013/
206,INFY,concall,,,Oct 2019,https://www.bseindia.com/xml-data/corpfiling/AttachHis/f4f9e6fe-28aa-4c0e-a8c9-391529bb8470.pdf,,https://www.screener.in/concalls/summary/1820/
207,INFY,concall,,,Jul 2019,https://www.bseindia.com/xml-data/corpfiling/AttachHis/f22533cc-2858-4970-87e5-d73ee33be876.pdf,,https://www.screener.in/concalls/summary/1674/
208,INFY,concall,,,Apr 2019,https://www.bseindia.com/xml-data/corpfiling/AttachHis/d248deb8-646e-421e-98a9-19786e4b5e7c.pdf,,https://www.screener.in/concalls/summary/1506/
209,INFY,concall,,,Jan 2019,https://www.bseindia.com/xml-data/corpfiling/CorpAttachment/2019/1/f39ce20f-2791-447f-8b82-6bf8cb2d824a.pdf,,https://www.screener.in/concalls/summary/1334/
210,INFY,concall,,,Oct 2018,https://www.bseindia.com/xml-data/corpfiling/CorpAttachment/2018/10/47dce35f-9841-4e10-a7b7-873a36b66c96.pdf,,https://www.screener.in/concalls/summary/1185/
211,INFY,concall,,,Jun 2018,https://www.bseindia.com/xml-data/corpfiling/CorpAttachment/2018/6/d55691d6-ecda-4bef-8154-e9f900d04ff6.pdf,https://www.bseindia.com/xml-data/corpfiling/CorpAttachment/2018/6/fac181a4-d43d-43f5-9938-10ea02cf513b.pdf,https://www.screener.in/concalls/summary/872/
212,INFY,concall,,,Apr 2018,https://www.bseindia.com/xml-data/corpfiling/CorpAttachment/2018/4/9b397865-58d5-471b-b18b-7334bc82b8f8.pdf,https://www.bseindia.com/xml-data/corpfiling/CorpAttachment/2018/4/34fecc7f-e976-4e26-99e7-724f6661edd7.pdf,https://www.screener.in/concalls/summary/3426/
213,INFY,concall,,,Feb 2017,https://www.bseindia.com/stockinfo/AnnPdfOpen.aspx?Pname=06638C47_0BFD_4015_976A_B02AAF0995E0_153112.pdf,,https://www.screener.in/concalls/summary/358/
214,INFY,concall,,,Sep 2016,https://www.bseindia.com/stockinfo/AnnPdfOpen.aspx?Pname=B2AA21F4_3755_4750_82B7_15DDF1FDA788_174755.pdf,,https://www.screener.in/concalls/summary/231/
215,INFY,annual_report,,,Financial Year 2025,https://www.bseindia.com/xml-data/corpfiling/AttachHis/4527f4d2-dac4-4528-a1dc-5070fd9e140d.pdf,,
216,INFY,annual_report,,,Financial Year 2024,https://www.bseindia.com/xml-data/corpfiling/AttachHis/25cc7fbc-154b-4463-928d-c95f2d8c5c9c.pdf,,
217,INFY,annual_report,,,Financial Year 2023,https://www.bseindia.com/xml-data/corpfiling/AttachHis/3ba3c011-0411-49ba-a250-f746a5b9d940.pdf,,
218,INFY,annual_report,,,Financial Year 2022,https://www.bseindia.com/bseplus/AnnualReport/500209/73015500209_29_06_22.pdf,,
219,INFY,annual_report,,,Financial Year 2021,https://www.infosys.com/investors/reports-filings/annual-report/annual/documents/infosys-ar-21.pdf,,
220,INFY,annual_report,,,Financial Year 2021,https://www.bseindia.com/bseplus/AnnualReport/500209/68476500209_09_06_21.pdf,,
221,INFY,annual_report,,,Financial Year 2020,https://www.bseindia.com/bseplus/AnnualReport/500209/5002090320.pdf,,
222,INFY,annual_report,,,Financial Year 2019,https://www.bseindia.com/bseplus/AnnualReport/500209/5002090319.pdf,,
223,INFY,annual_report,,,Financial Year 2018,https://www.bseindia.com/bseplus/AnnualReport/500209/5002090318.pdf,,
224,INFY,annual_report,,,Financial Year 2017,https://www.bseindia.com/bseplus/AnnualReport/500209/5002090317.pdf,,
225,INFY,annual_report,,,Financial Year 2016,https://www.bseindia.com/bseplus/AnnualReport/500209/5002090316.pdf,,
226,INFY,annual_report,,,Financial Year 2015,https://www.bseindia.com/bseplus/AnnualReport/500209/5002090315.pdf,,
227,INFY,annual_report,,,Financial Year 2014,https://www.bseindia.com/bseplus/AnnualReport/500209/5002090314.pdf,,
228,INFY,annual_report,,,Financial Year 2013,https://www.bseindia.com/bseplus/AnnualReport/500209/5002090313.pdf,,
229,INFY,annual_report,,,Financial Year 2012,https://www.bseindia.com/bseplus/AnnualReport/500209/5002090312.pdf,,
230,INFY,credit_rating,,,26 Jun 2025 from crisil,https://www.crisil.com/mnt/winshare/Ratings/RatingList/RatingDocs/InfosysLimited_June 26_ 2025_RR_370991.html,,
231,INFY,credit_rating,,,8 Aug 2024 from crisil,https://www.crisil.com/mnt/winshare/Ratings/RatingList/RatingDocs/InfosysLimited_August 08_ 2024_RR_350064.html,,
232,INFY,credit_rating,,,28 Jun 2024 from crisil,https://www.crisil.com/mnt/winshare/Ratings/RatingList/RatingDocs/InfosysLimited_June 28_ 2024_RR_346454.html,,
233,INFY,credit_rating,,,4 Jul 2023 from crisil,"https://www.crisil.com/mnt/winshare/Ratings/RatingList/RatingDocs/InfosysLimited_July 04, 2023_RR_322119.html",,
234,INFY,credit_rating,,,20 Jul 2022 from crisil,"https://www.crisil.com/mnt/winshare/Ratings/RatingList/RatingDocs/InfosysLimited_July 20, 2022_RR_288283.html",,
235,INFY,credit_rating,,,23 Nov 2021 from crisil,"https://www.crisil.com/mnt/winshare/Ratings/RatingList/RatingDocs/InfosysLimited_November 23, 2021_RR_278951.html",,
