Symbol,Tier 
20MICRONS,Tier 1
3BBLACKBIO,Tier 2
ABCOTS,Tier 3
ABINFRA,Tier 3
ADSL,Tier 1
ADVANCE,Tier 0
ADVENTHTL,Tier 0
AFSL,Tier 2
AGARIND,Tier 3
AHCL,Tier 2
AKCAPIT,Tier 3
ALICON,Tier 1
ALLCARGO,Tier 1
ALLDIGI,Tier 1
AMANTA,Tier 0.5
AMBIKCO,Tier 3
AMIRCHAND,Tier 0
AMNPLST,Tier 3
ANDHRAPAP,Tier 3
ANDHRSUGAR,Tier 3
ANUHPHR,Tier 2
APEX,Tier 1
APTECHT,Tier 3
AQYLON,Tier 3
ARIHANT,Tier 2
ARIHANTCAP,Tier 3
ARIHANTSUP,Tier 1
ARIS,Tier 2
ARROWGREEN,Tier 2
ASAL,Tier 3
ASTAR,Tier 3
ATL,Tier 1
ATULAUTO,Tier 3
AVADHSUGAR,Tier 2
AVTNPL,Tier 3
AWHCL,Tier 1
AYMSYNTEX,Tier 3
BAJAJHCARE,Tier 3
BAJAJINDEF,Tier 3
BAJAJST,Tier 2
BALAJITELE,Tier 2
BCLIND,Tier 1
BEEKAY,Tier 3
BESTAGRO,Tier 1
BHAGERIA,Tier 3
BHAGYANGR,Tier 2
BHARATSE,Tier 3
BHARATWIRE,Tier 2
BIGBLOC,Tier 1
BIL,Tier 3
BIRLACABLE,Tier 3
BIRLAMONEY,Tier 3
BIRLANU,Tier 1
BLACKROSE,Tier 1
BLAL,Tier 3
BLKASHYAP,Tier 2
BMWVENTLTD,Tier 0
BODALCHEM,Tier 1
BORANA,Tier 2
BOROSCI,Tier 2
BSHSL,Tier 3
BUTTERFLY,Tier 3
CAPITALSFB,Tier 1
CCCL,Tier 3
CENTENKA,Tier 1
CENTRUM,Tier 3
CEWATER,Tier 1
CHEMBONDCH,Tier 2
CHEMCON,Tier 2
CHEMFAB,Tier 2
CHEVIOT,Tier 3
CIFL,Tier 3
CLSEL,Tier 1
CNL,Tier 1
COFFEEDAY,Tier 3
COMSYN,Tier 3
CONSOFINVT,Tier 3
CONTROLPR,Tier 1
CREST,Tier 3
CSLFINANCE,Tier 1
DAMCAPITAL,Tier 2
DAVANGERE,Tier 3
DBOL,Tier 1
DCMSIL,Tier 0
DCW,Tier 1
DECCANCE,Tier 3
DENTA,Tier 1
DHAMPURSUG,Tier 1
DHANBANK,Tier 3
DHARMAJ,Tier 2
DHUNINV,Tier 3
DIFFNKG,Tier 1
DIGITIDE,Tier 1
DISHTV,Tier 3
DMCC,Tier 1
DOLATALGO,Tier 3
DPSCLTD,Tier 3
DVL,Tier 3
DWARKESH,Tier 2
ECOSMOBLTY,Tier 1
EIFFL,Tier 3
EIMCOELECO,Tier 3
EKC,Tier 1
ELDEHSG,Tier 1
ELECTHERM,Tier 3
ELIN,Tier 1
EMAMIPAP,Tier 3
EMKAY,Tier 2
ENIL,Tier 1
ESTER,Tier 1
EVERESTIND,Tier 3
EXCELINDUS,Tier 2
EXCELSOFT,Tier 0.5
EXPLEOSOL,Tier 1
FABTECH,Tier 0.5
FAIRCHEMOR,Tier 1
FAZE3Q,Tier 2
FEDDERSHOL,Tier 3
FERMENTA,Tier 2
FINKURVE,Tier 2
FINOPB,Tier 1
FOCUS,Tier 3
GALAPREC,Tier 2
GANDHITUBE,Tier 3
GANESHBE,Tier 1
GANESHCP,Tier 2
GAUDIUMIVF,Tier 3
GAYAPROJ,Tier 3
GCSL,Tier 2
GEECEE,Tier 3
GEMAROMA,Tier 0.5
GFLLIMITED,Tier 3
GHCLTEXTIL,Tier 1
GICHSGFIN,Tier 3
GKSL,Tier 0
GKWLIMITED,Tier 3
GLOBAL,Tier 3
GLOSTERLTD,Tier 3
GLOTTIS,Tier 0.5
GNRL,Tier 3
GODAVARIB,Tier 1
GPTHEALTH,Tier 1
GREENPOWER,Tier 1
GRPLTD,Tier 1
GTPL,Tier 1
GULPOLY,Tier 1
HALDYNGL,Tier 3
HARDWYN,Tier 3
HARIOMPIPE,Tier 1
HEALTHX,Tier 1
HERANBA,Tier 2
HEXAGON,Tier 0
HEXATRADEX,Tier 3
HIMATSEIDE,Tier 1
HINDCOMPOS,Tier 3
HITECHCORP,Tier 3
HITECHGEAR,Tier 2
HLVLTD,Tier 3
HMAAGRO,Tier 1
HMVL,Tier 1
HTMEDIA,Tier 1
HUHTAMAKI,Tier 1
ICEMAKE,Tier 1
IFBAGRO,Tier 3
IFGLEXPOR,Tier 1
IGPL,Tier 1
IKIO,Tier 1
IMPAL,Tier 0
INDOAMIN,Tier 3
INDOBORAX,Tier 3
INDOFARM,Tier 1
INDORAMA,Tier 3
INDPRUD,Tier 3
INNOVANA,Tier 3
INNOVISION,Tier 0
INTLCONV,Tier 3
INVPRECQ,Tier 2
IRIS,Tier 1
IRISDOREME,Tier 1
IRMENERGY,Tier 2
IVALUE,Tier 0.5
JAGRAN,Tier 2
JARO,Tier 0
JAYAGROGN,Tier 3
JINDALPHOT,Tier 3
JITFINFRA,Tier 3
JPOLYINVST,Tier 3
JYOTISTRUC,Tier 3
KABRAEXTRU,Tier 3
KAMATHOTEL,Tier 1
KAMDHENU,Tier 2
KANORICHEM,Tier 3
KAPSTON,Tier 2
KECL,Tier 3
KELLTONTEC,Tier 1
KHAICHEM,Tier 2
KILITCH,Tier 3
KIRANVYPAR,Tier 3
KNAGRI,Tier 3
KOKUYOCMLN,Tier 3
KOPRAN,Tier 2
KOTHARIPET,Tier 3
KRISHIVAL,Tier 2
KRONOX,Tier 3
KROSS,Tier 1
KRYSTAL,Tier 1
KSOLVES,Tier 1
KUANTUM,Tier 1
LAXMIDENTL,Tier 1
LAXMIINDIA,Tier 0.5
LGHL,Tier 3
LIKHITHA,Tier 2
LINC,Tier 1
LINCOLN,Tier 2
LOKESHMACH,Tier 3
MAANALU,Tier 2
MACPOWER,Tier 1
MADRASFERT,Tier 3
MAFATIND,Tier 2
MAGADSUGAR,Tier 2
MAHASTEEL,Tier 3
MALLCOM,Tier 1
MAMATA,Tier 2
MANAKCOAT,Tier 1
MANALIPETC,Tier 3
MANBA,Tier 1
MASTERTR,Tier 3
MATRIMONY,Tier 1
MAXIND,Tier 1
MCCHRLS-B,Tier 3
MCLEODRUSS,Tier 3
MEIL,Tier 0
MENONBE,Tier 1
MERCURYEV,Tier 3
MGEL,Tier 3
MICEL,Tier 3
MINDTECK,Tier 3
MMP,Tier 2
MODINATUR,Tier 2
MODIS,Tier 2
MODISONLTD,Tier 3
MOL,Tier 1
MONTECARLO,Tier 1
MUFTI,Tier 1
MUKKA,Tier 3
MUNJALAU,Tier 3
MUNJALSHOW,Tier 3
MVGJL,Tier 3
MWL,Tier 2
NAHARINDUS,Tier 3
NAHARPOLY,Tier 3
NAHARSPING,Tier 3
NBIFIN,Tier 3
NCLIND,Tier 3
NDTV,Tier 3
NELCAST,Tier 1
NIITLTD,Tier 1
NILASPACES,Tier 3
NILE,Tier 3
NINSYS,Tier 3
NRAIL,Tier 3
NRL,Tier 3
OAL,Tier 1
OCCLLTD,Tier 1
OMAXE,Tier 3
OMINFRAL,Tier 1
OMPOWER,Tier 0
ONMOBILE,Tier 1
ONWARDTEC,Tier 1
ORBTEXP,Tier 3
ORICONENT,Tier 3
ORIENTTECH,Tier 1
OSWALAGRO,Tier 3
OSWALGREEN,Tier 3
PANACHE,Tier 3
PANSARI,Tier 3
PASHUPATI,Tier 3
PASUPTAC,Tier 3
PATELRMART,Tier 0.5
PAUSHAKLTD,Tier 3
PDMJEPAPER,Tier 3
PENINLAND,Tier 3
PLATIND,Tier 2
PNGSREVA,Tier 0
PPL,Tier 3
PRADPME,Tier 3
PRAVEG,Tier 1
PRECAM,Tier 1
PRECOT,Tier 3
PREMIERPOL,Tier 3
PRIMESECU,Tier 3
PRIMO,Tier 3
PROSTARM,Tier 2
PROZONER,Tier 2
PTL,Tier 3
PUNJABCHEM,Tier 1
PVP,Tier 3
PVSL,Tier 1
PYRAMID,Tier 1
QUICKHEAL,Tier 1
RADHIKAJWE,Tier 3
RAJOOENG,Tier 2
RAJPALAYAM,Tier 3
RAJRILTD,Tier 3
RAMASTEEL,Tier 3
RATNAVEER,Tier 3
RBZJEWEL,Tier 1
REGAAL,Tier 2
REPRO,Tier 2
RGL,Tier 1
RIIL,Tier 3
RITCO,Tier 3
RMDRIP,Tier 3
ROHLTD,Tier 1
ROTO,Tier 3
RSL,Tier 0
RSWM,Tier 1
RUBYMILLS,Tier 3
RUPA,Tier 1
RUSHIL,Tier 1
SADHNANIQ,Tier 3
SALASAR,Tier 3
SALSTEEL,Tier 3
SALZERELEC,Tier 1
SANDESH,Tier 3
SARLAPOLY,Tier 3
SATIA,Tier 2
SAURASHCEM,Tier 3
SAYAJIHOTL,Tier 3
SCHAND,Tier 1
SCODATUBES,Tier 2
SCPL,Tier 3
SDBL,Tier 1
SEJALLTD,Tier 1
SEPC,Tier 3
SESHAPAPER,Tier 3
SGIL,Tier 1
SHINDL,Tier 2
SHREDIGCEM,Tier 3
SHREEPUSHK,Tier 1
SHREERAMA,Tier 3
SIGACHI,Tier 1
SIGNPOST,Tier 2
SKMEGGPROD,Tier 3
SNOWMAN,Tier 1
SOFTTECH,Tier 2
SOLEX,Tier 1
SOUTHWEST,Tier 2
SPECIALITY,Tier 1
SPIC,Tier 0
SRHHYPOLTD,Tier 3
SRM,Tier 2
STANLEY,Tier 1
STCINDIA,Tier 3
STEL,Tier 3
STERTOOLS,Tier 1
STLNETWORK,Tier 3
SUBEXLTD,Tier 1
SUDARCOLOR,Tier 3
SUKHJITS,Tier 1
SULA,Tier 1
SUPREMEINF,Tier 3
SURAJEST,Tier 1
SURAKSHA,Tier 1
SUTLEJTEX,Tier 1
SUYOG,Tier 1
SVLL,Tier 3
SWELECTES,Tier 3
SYNCOMF,Tier 3
SYSTMTXC,Tier 2
TAALTECH,Tier 3
TARSONS,Tier 1
TBZ,Tier 2
TEMBO,Tier 2
TERASOFT,Tier 3
TEXINFRA,Tier 3
THEINVEST,Tier 3
THEMISMED,Tier 2
TIRUPATIFL,Tier 2
TNPETRO,Tier 3
TNPL,Tier 3
TPLPLASTEH,Tier 3
TRANSPEK,Tier 2
TREL,Tier 2
TTKHLTCARE,Tier 3
TVSELECT,Tier 2
TVTODAY,Tier 3
UDS,Tier 1
ULTRAMAR,Tier 3
UNIECOM,Tier 1
UNIENTER,Tier 3
UNITECH,Tier 3
UNITEDPOLY,Tier 3
URJA,Tier 3
UTTAMSUGAR,Tier 2
VAKRANGEE,Tier 3
VALIANTORG,Tier 2
VASCONEQ,Tier 1
VELJAN,Tier 3
VHL,Tier 3
VHLTD,Tier 1
VIDHIING,Tier 2
VISACHROME,Tier 3
VISAKAIND,Tier 3
VIVIANA,Tier 3
VLSFINANCE,Tier 3
WANBURY,Tier 3
WCIL,Tier 1
WEALTH,Tier 2
WEL,Tier 2
WELINV,Tier 0
WSI,Tier 3
XCHANGING,Tier 3
YUKEN,Tier 3
ZEEMEDIA,Tier 3
ZFSTEERING,Tier 3
ZIMLAB,Tier 1
ZSARACOM,Tier 3
ZUARI,Tier 3
ZUARIIND,Tier 2
360ONE,Tier 1
3MINDIA,Tier 3
5PAISA,Tier 1
63MOONS,Tier 3
AADHARHFC,Tier 1
AARTIDRUGS,Tier 1
AARTIIND,Tier 1
AARTIPHARM,Tier 1
AAVAS,Tier 1
ABB,Tier 1
ABBOTINDIA,Tier 3
ABCAPITAL,Tier 1
ABDL,Tier 1
ABFRL,Tier 1
ABLBL,Tier 1
ABREL,Tier 1
ABSLAMC,Tier 1
ACC,Tier 1
ACCELYA,Tier 3
ACE,Tier 1
ACI,Tier 1
ACMESOLAR,Tier 1
ACUTAAS,Tier 1
ADANIENSOL,Tier 1
ADANIENT,Tier 1
ADANIGREEN,Tier 1
ADANIPORTS,Tier 1
ADANIPOWER,Tier 1
ADFFOODS,Tier 1
ADOR,Tier 1
ADVAIT,Tier 1
ADVENZYMES,Tier 1
AEGISLOG,Tier 1
AEGISVOPAK,Tier 1
AEQUS,Tier 0.5
AEROENTER,Tier 2
AEROFLEX,Tier 1
AETHER,Tier 1
AFCONS,Tier 1
AFFLE,Tier 1
AGARWALEYE,Tier 1
AGI,Tier 1
AGIIL,Tier 2
AHLUCONT,Tier 1
AIAENG,Tier 1
AIIL,Tier 2
AJANTPHARM,Tier 1
AJAXENGG,Tier 1
AJMERA,Tier 1
AKUMS,Tier 1
ALEMBICLTD,Tier 3
ALGOQUANT,Tier 3
ALIVUS,Tier 1
ALKEM,Tier 1
ALKYLAMINE,Tier 1
ALLTIME,Tier 1
ALOKINDS,Tier 3
AMAGI,Tier 0
AMBER,Tier 1
AMBUJACEM,Tier 1
AMRUTANJAN,Tier 2
ANANDRATHI,Tier 1
ANANTRAJ,Tier 2
ANGELONE,Tier 1
ANTELOPUS,Tier 2
ANTHEM,Tier 1
ANUP,Tier 1
ANURAS,Tier 1
APARINDS,Tier 1
APCOTEXIND,Tier 1
APLAPOLLO,Tier 1
APLLTD,Tier 1
APOLLO,Tier 1
APOLLOHOSP,Tier 1
APOLLOPIPE,Tier 1
APOLLOTYRE,Tier 1
APTUS,Tier 1
ARE&M,Tier 1
ARFIN,Tier 3
ARKADE,Tier 1
ARMANFIN,Tier 1
ARSSBL,Tier 0.5
ARTEMISMED,Tier 2
ARVIND,Tier 1
ARVINDFASN,Tier 1
ARVSMART,Tier 1
ASAHIINDIA,Tier 3
ASALCBR,Tier 1
ASHAPURMIN,Tier 1
ASHIANA,Tier 1
ASHIKA,Tier 3
ASHOKA,Tier 1
ASHOKLEY,Tier 1
ASIANENE,Tier 1
ASIANPAINT,Tier 1
ASIANTILES,Tier 2
ASKAUTOLTD,Tier 1
ASTEC,Tier 3
ASTERDM,Tier 1
ASTRAL,Tier 1
ASTRAMICRO,Tier 1
ASTRAZEN,Tier 3
ATGL,Tier 1
ATHERENERG,Tier 1
ATLANTAELE,Tier 0.5
ATUL,Tier 2
AUBANK,Tier 1
AURIONPRO,Tier 1
AUROPHARMA,Tier 1
AURUM,Tier 1
AUTOAXLES,Tier 1
AVALON,Tier 1
AVANTEL,Tier 3
AVANTIFEED,Tier 1
AVL,Tier 1
AWFIS,Tier 1
AWL,Tier 1
AXISBANK,Tier 1
AXISCADES,Tier 1
AYE,Tier 0.5
AZAD,Tier 1
BAJAJ-AUTO,Tier 1
BAJAJCON,Tier 1
BAJAJELEC,Tier 1
BAJAJFINSV,Tier 1
BAJAJHFL,Tier 1
BAJAJHIND,Tier 3
BAJAJHLDNG,Tier 3
BAJEL,Tier 2
BAJFINANCE,Tier 1
BALAMINES,Tier 1
BALKRISIND,Tier 1
BALMLAWRIE,Tier 3
BALRAMCHIN,Tier 1
BALUFORGE,Tier 2
BANARISUG,Tier 3
BANCOINDIA,Tier 3
BANDHANBNK,Tier 1
BANKBARODA,Tier 1
BANKINDIA,Tier 1
BANSALWIRE,Tier 1
BASF,Tier 1
BATAINDIA,Tier 1
BAYERCROP,Tier 2
BBL,Tier 3
BBOX,Tier 1
BBTC,Tier 3
BCG,Tier 2
BDL,Tier 3
BECTORFOOD,Tier 1
BEL,Tier 1
BELRISE,Tier 1
BEML,Tier 1
BENGALASM,Tier 3
BEPL,Tier 3
BERGEPAINT,Tier 1
BETA,Tier 1
BFINVEST,Tier 3
BFUTILITIE,Tier 3
BGRENERGY,Tier 3
BHAGCHEM,Tier 2
BHARATCOAL,Tier 0
BHARATFORG,Tier 1
BHARTIARTL,Tier 1
BHARTIHEXA,Tier 1
BHEL,Tier 2
BIKAJI,Tier 1
BIOCON,Tier 1
BIRLACORPN,Tier 1
BLACKBUCK,Tier 1
BLIL,Tier 3
BLISSGVS,Tier 3
BLS,Tier 1
BLSE,Tier 2
BLUEDART,Tier 1
BLUEJET,Tier 1
BLUESTARCO,Tier 1
BLUESTONE,Tier 1
BLUSPRING,Tier 1
BNAGROCHEM,Tier 3
BOMDYEING,Tier 3
BOROLTD,Tier 1
BORORENEW,Tier 1
BOSCH-HCIL,Tier 3
BOSCHLTD,Tier 1
BPCL,Tier 1
BRIGADE,Tier 1
BRIGHOTEL,Tier 1
BRITANNIA,Tier 1
BSE,Tier 1
BSOFT,Tier 1
BUILDPRO,Tier 0.5
CAMLINFINE,Tier 1
CAMPUS,Tier 1
CAMS,Tier 1
CANBK,Tier 1
CANFINHOME,Tier 1
CANHLIFE,Tier 2
CANTABIL,Tier 1
CAPACITE,Tier 1
CAPILLARY,Tier 0.5
CAPLIPOINT,Tier 1
CARBORUNIV,Tier 1
CARERATING,Tier 2
CARRARO,Tier 1
CARTRADE,Tier 1
CARYSIL,Tier 1
CASTROLIND,Tier 1
CCAVENUE,Tier 1
CCL,Tier 1
CDSL,Tier 1
CEATLTD,Tier 1
CEIGALL,Tier 1
CEINSYS,Tier 1
CELLO,Tier 1
CEMPRO,Tier 1
CENTRALBK,Tier 1
CENTUM,Tier 1
CENTURYPLY,Tier 1
CERA,Tier 1
CESC,Tier 2
CGCL,Tier 1
CGPOWER,Tier 1
CHALET,Tier 1
CHAMBLFERT,Tier 1
CHEMPLASTS,Tier 1
CHENNPETRO,Tier 3
CHOICEIN,Tier 1
CHOLAFIN,Tier 1
CHOLAHLDNG,Tier 1
CIEINDIA,Tier 1
CIPLA,Tier 1
CLEAN,Tier 1
CLEANMAX,Tier 0.5
CMPDI,Tier 0
CMRGREEN,Tier 0
CMSINFO,Tier 1
COALINDIA,Tier 2
COCHINSHIP,Tier 3
COCKERILL,Tier 1
COFORGE,Tier 1
COHANCE,Tier 1
COLPAL,Tier 1
CONCOR,Tier 1
CONCORDBIO,Tier 1
CONFIPET,Tier 3
COROMANDEL,Tier 1
CORONA,Tier 0.5
COSMOFIRST,Tier 1
CPPLUS,Tier 1
CRAFTSMAN,Tier 1
CRAMC,Tier 0.5
CREDITACC,Tier 1
CRISIL,Tier 2
CRIZAC,Tier 1
CROMPTON,Tier 1
CSBBANK,Tier 1
CUB,Tier 1
CUMMINSIND,Tier 1
CUPID,Tier 2
CYIENT,Tier 1
CYIENTDLM,Tier 1
DABUR,Tier 1
DALBHARAT,Tier 1
DALMIASUG,Tier 3
DATAMATICS,Tier 1
DATAPATTNS,Tier 1
DBCORP,Tier 1
DBL,Tier 1
DBREALTY,Tier 3
DCAL,Tier 1
DCBBANK,Tier 1
DCMSHRIRAM,Tier 1
DCXINDIA,Tier 2
DDEVPLSTIK,Tier 1
DECNGOLD,Tier 2
DEEDEV,Tier 1
DEEPAKFERT,Tier 1
DEEPAKNTR,Tier 1
DEEPINDS,Tier 1
DELHIVERY,Tier 1
DELTACORP,Tier 3
DEN,Tier 2
DEVYANI,Tier 1
DHANUKA,Tier 1
DIACABS,Tier 2
DIAMONDYD,Tier 2
DISAQ,Tier 3
DIVGIITTS,Tier 1
DIVISLAB,Tier 1
DIXON,Tier 1
DLF,Tier 1
DLINKINDIA,Tier 3
DMART,Tier 2
DODLA,Tier 1
DOLLAR,Tier 1
DOLPHIN,Tier 3
DOMS,Tier 1
DPABHUSHAN,Tier 1
DRAGARWQ,Tier 3
DREDGECORP,Tier 3
DRREDDY,Tier 1
DSSL,Tier 2
DYCL,Tier 1
DYNAMATECH,Tier 2
E2E,Tier 1
EASEMYTRIP,Tier 2
EBGNG,Tier 1
ECLERX,Tier 1
EDELWEISS,Tier 1
EFCIL,Tier 1
EICHERMOT,Tier 1
EIDPARRY,Tier 1
EIEL,Tier 1
EIHAHOTELS,Tier 2
EIHOTEL,Tier 1
ELANTAS,Tier 3
ELCIDIN,Tier 3
ELECON,Tier 1
ELECTCAST,Tier 1
ELGIEQUIP,Tier 1
ELITECON,Tier 3
ELLEN,Tier 1
ELPROINTL,Tier 3
EMAMILTD,Tier 1
EMBDL,Tier 2
EMCURE,Tier 1
EMIL,Tier 1
EMMVEE,Tier 0.5
EMSLIMITED,Tier 1
EMUDHRA,Tier 1
ENDURANCE,Tier 1
ENGINERSIN,Tier 1
ENRIN,Tier 2
ENTERO,Tier 1
EPACK,Tier 1
EPACKPEB,Tier 0.5
EPIGRAL,Tier 1
EPL,Tier 1
EQUITASBNK,Tier 1
ERIS,Tier 1
ESABINDIA,Tier 3
ESAFSFB,Tier 1
ESCORTS,Tier 1
ETERNAL,Tier 1
ETHOSLTD,Tier 2
EUREKAFORB,Tier 1
EUROPRATIK,Tier 0.5
EVEREADY,Tier 1
EXICOM,Tier 1
EXIDEIND,Tier 1
FACT,Tier 0
FCL,Tier 1
FDC,Tier 3
FEDERALBNK,Tier 1
FEDFINA,Tier 1
FIEMIND,Tier 1
FILATEX,Tier 1
FINCABLES,Tier 1
FINEORG,Tier 2
FINPIPE,Tier 1
FIRSTCRY,Tier 1
FISCHER,Tier 3
FIVESTAR,Tier 1
FLAIR,Tier 1
FLUOROCHEM,Tier 1
FMGOETZE,Tier 3
FORCEMOT,Tier 3
FORTIS,Tier 1
FOSECOIND,Tier 3
FRACTAL,Tier 0.5
FRONTSP,Tier 1
FSL,Tier 1
FUSION,Tier 1
GABRIEL,Tier 1
GAEL,Tier 3
GAIL,Tier 1
GALAXYSURF,Tier 1
GALLANTT,Tier 2
GANDHAR,Tier 1
GANECOS,Tier 1
GANESHHOU,Tier 1
GARFIBRES,Tier 2
GARUDA,Tier 3
GATEWAY,Tier 1
GENESYS,Tier 3
GENUSPOWER,Tier 1
GEOJITFSL,Tier 2
GESHIP,Tier 1
GHCL,Tier 1
GICRE,Tier 1
GILLETTE,Tier 2
GIPCL,Tier 3
GKENERGY,Tier 0.5
GLAND,Tier 1
GLAXO,Tier 1
GLENMARK,Tier 1
GLOBUSSPR,Tier 1
GMBREW,Tier 3
GMDCLTD,Tier 3
GMMPFAUDLR,Tier 1
GMRAIRPORT,Tier 1
GMRP&UI,Tier 2
GNA,Tier 3
GNFC,Tier 1
GOCLCORP,Tier 3
GOCOLORS,Tier 1
GODFRYPHLP,Tier 2
GODIGIT,Tier 1
GODREJAGRO,Tier 1
GODREJCP,Tier 1
GODREJIND,Tier 2
GODREJPROP,Tier 1
GOKEX,Tier 1
GOKULAGRO,Tier 3
GOLDIAM,Tier 1
GOODLUCK,Tier 1
GOODYEAR,Tier 3
GOPAL,Tier 1
GPIL,Tier 1
GPPL,Tier 1
GPTINFRA,Tier 1
GRANDOAK,Tier 3
GRANULES,Tier 1
GRAPHITE,Tier 2
GRASIM,Tier 1
GRAUWEIL,Tier 3
GRAVITA,Tier 1
GREAVESCOT,Tier 1
GREENLAM,Tier 1
GREENPANEL,Tier 1
GREENPLY,Tier 1
GRINDWELL,Tier 3
GRINFRA,Tier 1
GRMOVER,Tier 2
GROWW,Tier 0.5
GRSE,Tier 1
GRWRHITECH,Tier 1
GSFC,Tier 1
GSPCROP,Tier 0
GTLINFRA,Tier 3
GUFICBIO,Tier 1
GUJALKALI,Tier 3
GUJGASLTD,Tier 1
GUJTHEM,Tier 2
GULFOILLUB,Tier 1
GVPIL,Tier 1
GVT&D,Tier 1
HAL,Tier 3
HAPPSTMNDS,Tier 1
HAPPYFORGE,Tier 1
HARSHA,Tier 1
HATHWAY,Tier 3
HATSUN,Tier 3
HAVELLS,Tier 1
HAWKINCOOK,Tier 3
HBLENGINE,Tier 3
HCC,Tier 1
HCG,Tier 1
HCLTECH,Tier 1
HDBFS,Tier 1
HDFCAMC,Tier 1
HDFCBANK,Tier 1
HDFCLIFE,Tier 1
HEG,Tier 1
HEIDELBERG,Tier 2
HEMIPROP,Tier 3
HERITGFOOD,Tier 1
HEROMOTOCO,Tier 1
HESTERBIO,Tier 1
HEXT,Tier 1
HFCL,Tier 1
HGINFRA,Tier 1
HGS,Tier 1
HIKAL,Tier 1
HINDALCO,Tier 1
HINDCOPPER,Tier 3
HINDOILEXP,Tier 1
HINDPETRO,Tier 1
HINDUNILVR,Tier 1
HINDWAREAP,Tier 1
HINDZINC,Tier 1
HIRECT,Tier 1
HITECH,Tier 1
HLEGLAS,Tier 1
HMT,Tier 3
HNDFDS,Tier 1
HOMEFIRST,Tier 1
HONASA,Tier 1
HONAUT,Tier 2
HONDAPOWER,Tier 3
HPL,Tier 1
HSCL,Tier 1
HUBTOWN,Tier 3
HUDCO,Tier 1
HYUNDAI,Tier 1
IBULLSLTD,Tier 3
ICICIAMC,Tier 0.5
ICICIBANK,Tier 1
ICICIGI,Tier 1
ICICIPRULI,Tier 1
ICIL,Tier 1
ICRA,Tier 1
IDBI,Tier 3
IDEA,Tier 1
IDEAFORGE,Tier 1
IDFCFIRSTB,Tier 1
IEX,Tier 1
IFBIND,Tier 1
IFCI,Tier 3
IGARASHI,Tier 3
IGIL,Tier 1
IGL,Tier 1
IIFL,Tier 1
IIFLCAPS,Tier 1
IKS,Tier 1
IMAGICAA,Tier 2
IMFA,Tier 1
INA,Tier 2
INDGN,Tier 1
INDHOTEL,Tier 1
INDIACEM,Tier 1
INDIAGLYCO,Tier 1
INDIAMART,Tier 1
INDIANB,Tier 1
INDIANHUME,Tier 3
INDIASHLTR,Tier 1
INDIGO,Tier 1
INDIGOPNTS,Tier 1
INDIQUBE,Tier 1
INDNIPPON,Tier 2
INDOCO,Tier 1
INDOSTAR,Tier 1
INDOTECH,Tier 3
INDOTHAI,Tier 3
INDRAMEDCO,Tier 3
INDSWFTLAB,Tier 3
INDUSINDBK,Tier 1
INDUSTOWER,Tier 1
INFOBEAN,Tier 1
INFY,Tier 1
INGERRAND,Tier 3
INNOVACAP,Tier 1
INOXGREEN,Tier 1
INOXINDIA,Tier 1
INOXWIND,Tier 1
INSECTICID,Tier 1
INTELLECT,Tier 1
INTERARCH,Tier 1
IOB,Tier 1
IOC,Tier 1
IOLCP,Tier 1
IONEXCHANG,Tier 1
IPCALAB,Tier 1
IPL,Tier 1
IRB,Tier 1
IRCON,Tier 1
IRCTC,Tier 1
IREDA,Tier 2
IRFC,Tier 1
ISGEC,Tier 1
ITC,Tier 2
ITCHOTELS,Tier 2
ITDC,Tier 3
ITI,Tier 3
IXIGO,Tier 1
IZMO,Tier 1
J&KBANK,Tier 1
JAGSNPHARM,Tier 1
JAIBALAJI,Tier 2
JAICORPLTD,Tier 3
JAINREC,Tier 0.5
JAMNAAUTO,Tier 2
JASH,Tier 1
JAYBARMARU,Tier 3
JAYKAY,Tier 3
JAYNECOIND,Tier 3
JBCHEPHARM,Tier 1
JBMA,Tier 3
JGCHEM,Tier 1
JINDALPOLY,Tier 3
JINDALSAW,Tier 1
JINDALSTEL,Tier 1
JINDRILL,Tier 1
JINDWORLD,Tier 2
JIOFIN,Tier 1
JISLDVREQS,Tier 3
JISLJALEQS,Tier 1
JKCEMENT,Tier 1
JKIL,Tier 1
JKLAKSHMI,Tier 1
JKPAPER,Tier 3
JKTYRE,Tier 1
JLHL,Tier 1
JMFINANCIL,Tier 1
JNKINDIA,Tier 1
JPPOWER,Tier 3
JSFB,Tier 1
JSL,Tier 1
JSLL,Tier 1
JSWCEMENT,Tier 1
JSWDULUX,Tier 1
JSWENERGY,Tier 1
JSWHL,Tier 3
JSWINFRA,Tier 1
JSWSTEEL,Tier 1
JTEKTINDIA,Tier 1
JTLIND,Tier 1
JUBLCPL,Tier 2
JUBLFOOD,Tier 1
JUBLINGREA,Tier 1
JUBLPHARMA,Tier 2
JUNIPER,Tier 1
JUSTDIAL,Tier 2
JWL,Tier 1
JYOTHYLAB,Tier 1
JYOTICNC,Tier 1
KAJARIACER,Tier 1
KALAMANDIR,Tier 1
KALPATARU,Tier 2
KALYANKJIL,Tier 1
KAMAHOLD,Tier 3
KANSAINER,Tier 1
KARURVYSYA,Tier 1
KAYNES,Tier 1
KCP,Tier 3
KDDL,Tier 1
KEC,Tier 1
KEI,Tier 1
KENNAMET,Tier 3
KERNEX,Tier 3
KFINTECH,Tier 1
KICL,Tier 3
KIMS,Tier 1
KINGFA,Tier 3
KIOCL,Tier 3
KIRIINDUS,Tier 1
KIRLFER,Tier 1
KIRLOSBROS,Tier 1
KIRLOSENG,Tier 1
KIRLOSIND,Tier 3
KIRLPNU,Tier 1
KISSHT,Tier 0
KITEX,Tier 3
KKCL,Tier 1
KLBRENG-B,Tier 1
KMEW,Tier 2
KNRCON,Tier 1
KOLTEPATIL,Tier 1
KOTAKBANK,Tier 1
KOTIC,Tier 3
KOVAI,Tier 3
KPEL,Tier 1
KPIGREEN,Tier 1
KPIL,Tier 1
KPITTECH,Tier 1
KPL,Tier 2
KPRMILL,Tier 2
KRBL,Tier 1
KRISHANA,Tier 1
KRISHNADEF,Tier 1
KRN,Tier 1
KRSNAA,Tier 1
KSB,Tier 1
KSCL,Tier 1
KSHINTL,Tier 0.5
KSL,Tier 3
KTKBANK,Tier 1
KWIL,Tier 0
LALPATHLAB,Tier 1
LANDMARK,Tier 1
LAOPALA,Tier 2
LATENTVIEW,Tier 1
LAURUSLABS,Tier 1
LEMONTREE,Tier 1
LENSKART,Tier 2
LGBBROSLTD,Tier 3
LGEINDIA,Tier 0.5
LICHSGFIN,Tier 1
LICI,Tier 1
LINDEINDIA,Tier 3
LLOYDSENGG,Tier 2
LLOYDSENT,Tier 3
LLOYDSME,Tier 1
LMW,Tier 1
LODHA,Tier 1
LOTUSDEV,Tier 1
LT,Tier 1
LTF,Tier 1
LTFOODS,Tier 1
LTM,Tier 1
LTTS,Tier 1
LUMAXIND,Tier 1
LUMAXTECH,Tier 1
LUPIN,Tier 1
LUXIND,Tier 2
LXCHEM,Tier 1
M&M,Tier 1
M&MFIN,Tier 1
MAHABANK,Tier 1
MAHLIFE,Tier 1
MAHLOG,Tier 1
MAHSCOOTER,Tier 3
MAHSEAMLES,Tier 1
MAITHANALL,Tier 3
MANAPPURAM,Tier 1
MANGLMCEM,Tier 3
MANINDS,Tier 1
MANINFRA,Tier 2
MANKIND,Tier 1
MANORAMA,Tier 1
MANYAVAR,Tier 1
MAPMYINDIA,Tier 1
MARATHON,Tier 1
MARICO,Tier 1
MARINE,Tier 3
MARKSANS,Tier 1
MARSONS,Tier 3
MARUTI,Tier 1
MASFIN,Tier 1
MASTEK,Tier 1
MAXESTATES,Tier 1
MAXHEALTH,Tier 1
MAYURUNIQ,Tier 1
MAZDOCK,Tier 1
MBAPL,Tier 1
MBEL,Tier 1
MCLOUD,Tier 3
MCX,Tier 1
MEDANTA,Tier 1
MEDIASSIST,Tier 1
MEDPLUS,Tier 1
MEESHO,Tier 0
METROBRAND,Tier 1
METROPOLIS,Tier 1
MFSL,Tier 1
MGL,Tier 1
MHRIL,Tier 1
MIDHANI,Tier 1
MIDWESTLTD,Tier 0.5
MINDACORP,Tier 1
MMFL,Tier 1
MMTC,Tier 3
MMWL,Tier 3
MOBIKWIK,Tier 1
MOIL,Tier 2
MOLDTKPAC,Tier 1
MONARCH,Tier 3
MOREPENLAB,Tier 1
MOSCHIP,Tier 3
MOTHERSON,Tier 1
MOTILALOFS,Tier 1
MOTISONS,Tier 3
MPHASIS,Tier 1
MPSLTD,Tier 1
MRF,Tier 3
MRPL,Tier 1
MSPL,Tier 3
MSTCLTD,Tier 1
MSUMI,Tier 1
MTARTECH,Tier 1
MTNL,Tier 3
MUFIN,Tier 3
MUKANDLTD,Tier 3
MUTHOOTFIN,Tier 1
MUTHOOTMF,Tier 1
NACLIND,Tier 3
NAM-INDIA,Tier 1
NATCOPHARM,Tier 1
NATIONALUM,Tier 1
NATIONSTD,Tier 3
NAUKRI,Tier 1
NAVA,Tier 1
NAVINFLUOR,Tier 1
NAVKARCORP,Tier 1
NAVNETEDUL,Tier 1
NAZARA,Tier 1
NBCC,Tier 1
NCC,Tier 1
NDRAUTO,Tier 1
NELCO,Tier 3
NEOGEN,Tier 1
NEPHROPLUS,Tier 2
NESCO,Tier 3
NESTLEIND,Tier 3
NETWEB,Tier 1
NETWORK18,Tier 3
NEULANDLAB,Tier 1
NEWGEN,Tier 1
NFL,Tier 3
NGLFINE,Tier 1
NH,Tier 1
NHPC,Tier 1
NIACL,Tier 1
NIBE,Tier 3
NIITMTS,Tier 1
NILKAMAL,Tier 3
NIRLON,Tier 1
NITCO,Tier 3
NITINSPIN,Tier 1
NITTAGELA,Tier 3
NIVABUPA,Tier 1
NLCINDIA,Tier 1
NMDC,Tier 1
NOCIL,Tier 1
NORTHARC,Tier 1
NOVARTIND,Tier 3
NPST,Tier 1
NRBBEARING,Tier 2
NSIL,Tier 3
NSLNISP,Tier 3
NTPC,Tier 1
NTPCGREEN,Tier 3
NUCLEUS,Tier 1
NUVAMA,Tier 1
NUVOCO,Tier 1
NYKAA,Tier 1
OBEROIRLTY,Tier 1
OFSS,Tier 3
OIL,Tier 1
OLAELEC,Tier 1
OLECTRA,Tier 1
OMNI,Tier 0.5
ONEPOINT,Tier 2
ONESOURCE,Tier 1
ONGC,Tier 1
ONIDA,Tier 3
OPTIEMUS,Tier 2
ORCHPHARMA,Tier 1
ORIENTCEM,Tier 1
ORIENTELEC,Tier 1
ORIENTHOT,Tier 3
ORISSAMINE,Tier 3
ORKLAINDIA,Tier 0.5
OSWALPUMPS,Tier 1
PACEDIGITK,Tier 0.5
PAGEIND,Tier 1
PAISALO,Tier 1
PANACEABIO,Tier 3
PANAMAPET,Tier 3
PARACABLES,Tier 1
PARADEEP,Tier 1
PARAGMILK,Tier 1
PARAS,Tier 3
PARKHOSPS,Tier 0.5
PARKHOTELS,Tier 1
PATANJALI,Tier 1
PATELENG,Tier 1
PAYTM,Tier 1
PCBL,Tier 1
PCJEWELLER,Tier 3
PDSL,Tier 1
PENIND,Tier 1
PERSISTENT,Tier 1
PETRONET,Tier 1
PFC,Tier 1
PFIZER,Tier 3
PFOCUS,Tier 3
PFS,Tier 1
PGEL,Tier 1
PGHH,Tier 2
PGHL,Tier 3
PGIL,Tier 1
PHOENIXLTD,Tier 1
PICCADIL,Tier 2
PIDILITIND,Tier 1
PIIND,Tier 1
PILANIINVS,Tier 3
PINELABS,Tier 0.5
PIRAMALFIN,Tier 0.5
PITTIENG,Tier 1
PIXTRANS,Tier 3
PNB,Tier 1
PNBGILTS,Tier 3
PNBHOUSING,Tier 1
PNCINFRA,Tier 1
PNGJL,Tier 1
POCL,Tier 1
POKARNA,Tier 1
POLICYBZR,Tier 1
POLYCAB,Tier 1
POLYMED,Tier 1
POLYPLEX,Tier 2
POONAWALLA,Tier 1
POWERGRID,Tier 1
POWERICA,Tier 3
POWERINDIA,Tier 1
POWERMECH,Tier 1
PPLPHARMA,Tier 1
PRABHA,Tier 3
PRAJIND,Tier 1
PRAKASH,Tier 3
PRECWIRE,Tier 3
PREMEXPLN,Tier 1
PREMIERENE,Tier 1
PRESTIGE,Tier 1
PRICOLLTD,Tier 1
PRINCEPIPE,Tier 1
PRIVISCL,Tier 1
PROTEAN,Tier 1
PRSMJOHNSN,Tier 2
PRUDENT,Tier 1
PSB,Tier 1
PSPPROJECT,Tier 1
PTC,Tier 1
PTCIL,Tier 2
PURVA,Tier 1
PVRINOX,Tier 1
PWL,Tier 0
QPOWER,Tier 1
QUADFUTURE,Tier 2
QUESS,Tier 1
RACLGEAR,Tier 1
RADICO,Tier 1
RAILTEL,Tier 1
RAIN,Tier 1
RAINBOW,Tier 1
RAJESHEXPO,Tier 3
RAJRATAN,Tier 1
RALLIS,Tier 1
RAMCOCEM,Tier 2
RAMCOIND,Tier 3
RAMCOSYS,Tier 3
RAMKY,Tier 2
RAMRAT,Tier 2
RANEHOLDIN,Tier 1
RATEGAIN,Tier 1
RATNAMANI,Tier 1
RAYMOND,Tier 1
RAYMONDLSL,Tier 1
RAYMONDREL,Tier 1
RBA,Tier 1
RBLBANK,Tier 1
RCF,Tier 3
RECLTD,Tier 1
REDINGTON,Tier 1
REDTAPE,Tier 2
REFEX,Tier 1
RELAXO,Tier 1
RELIANCE,Tier 1
RELIGARE,Tier 2
RELTD,Tier 3
RENUKA,Tier 3
REPCOHOME,Tier 1
RESPONIND,Tier 3
RHETAN,Tier 3
RHIM,Tier 1
RICOAUTO,Tier 1
RISHABH,Tier 1
RITES,Tier 1
RKFORGE,Tier 1
RML,Tier 2
ROLEXRINGS,Tier 1
ROSSARI,Tier 1
ROSSTECH,Tier 1
ROUTE,Tier 1
RPEL,Tier 3
RPGLIFE,Tier 2
RPOWER,Tier 3
RPSGVENT,Tier 3
RPTECH,Tier 1
RRKABEL,Tier 1
RSYSTEMS,Tier 1
RTNINDIA,Tier 2
RTNPOWER,Tier 3
RUBICON,Tier 0.5
RUSTOMJEE,Tier 1
RVNL,Tier 1
SAATVIKGL,Tier 0.5
SAFARI,Tier 3
SAGCEM,Tier 1
SAGILITY,Tier 1
SAIL,Tier 1
SAILIFE,Tier 1
SAIPARENT,Tier 0
SAKAR,Tier 2
SAKSOFT,Tier 1
SAMBHV,Tier 1
SAMHI,Tier 1
SAMMAANCAP,Tier 1
SANATHAN,Tier 1
SANDHAR,Tier 1
SANDUMA,Tier 2
SANGAMIND,Tier 2
SANGHVIMOV,Tier 1
SANOFI,Tier 2
SANOFICONR,Tier 3
SANSERA,Tier 1
SANSTAR,Tier 3
SAPPHIRE,Tier 1
SARDAEN,Tier 1
SAREGAMA,Tier 1
SASKEN,Tier 2
SATIN,Tier 1
SBC,Tier 3
SBCL,Tier 1
SBFC,Tier 1
SBICARD,Tier 1
SBILIFE,Tier 1
SBIN,Tier 1
SCHAEFFLER,Tier 1
SCHNEIDER,Tier 1
SCI,Tier 2
SCILAL,Tier 3
SEAMECLTD,Tier 1
SEDEMAC,Tier 0
SEIL,Tier 3
SENCO,Tier 1
SENORES,Tier 1
SERVOTECH,Tier 1
SETL,Tier 1
SFL,Tier 1
SGFIN,Tier 1
SGMART,Tier 1
SHADOWFAX,Tier 2
SHAILY,Tier 1
SHAKTIPUMP,Tier 1
SHALBY,Tier 1
SHANTIGEAR,Tier 3
SHANTIGOLD,Tier 2
SHARDACROP,Tier 1
SHARDAMOTR,Tier 1
SHAREINDIA,Tier 1
SHILCTECH,Tier 1
SHILPAMED,Tier 1
SHK,Tier 1
SHOPERSTOP,Tier 1
SHREECEM,Tier 1
SHREEJISPG,Tier 0
SHRINGARMS,Tier 0.5
SHRIPISTON,Tier 1
SHRIRAMFIN,Tier 1
SHRIRAMPPS,Tier 1
SHYAMMETL,Tier 1
SIEMENS,Tier 1
SIGMAADV,Tier 3
SIGNATURE,Tier 1
SIKA,Tier 3
SILVERTUC,Tier 2
SIMPLEXINF,Tier 3
SINDHUTRAD,Tier 3
SIRCA,Tier 1
SIS,Tier 1
SIYSIL,Tier 1
SJS,Tier 1
SJVN,Tier 1
SKFINDIA,Tier 1
SKFINDUS,Tier 0
SKIPPER,Tier 1
SKYGOLD,Tier 1
SMARTWORKS,Tier 2
SMCGLOBAL,Tier 1
SMLMAH,Tier 3
SMSPHARMA,Tier 1
SOBHA,Tier 1
SOLARA,Tier 1
SOLARINDS,Tier 1
SOLARWORLD,Tier 2
SOMANYCERA,Tier 1
SONACOMS,Tier 1
SONATSOFTW,Tier 1
SOTL,Tier 2
SOUTHBANK,Tier 1
SPAL,Tier 1
SPANDANA,Tier 1
SPARC,Tier 2
SPECTRUM,Tier 3
SPLPETRO,Tier 1
SPMLINFRA,Tier 1
SPORTKING,Tier 1
SRF,Tier 1
SSWL,Tier 1
STALLION,Tier 1
STAR,Tier 1
STARCEMENT,Tier 1
STARHEALTH,Tier 1
STEELCAS,Tier 1
STEELXIND,Tier 3
STLTECH,Tier 1
STOVEKRAFT,Tier 1
STUDDS,Tier 0.5
STYL,Tier 0.5
STYLAMIND,Tier 2
STYLEBAAZA,Tier 1
STYRENIX,Tier 1
SUBROS,Tier 1
SUDARSCHEM,Tier 1
SUDEEPPHRM,Tier 0.5
SUMEETINDS,Tier 3
SUMICHEM,Tier 1
SUMMITSEC,Tier 3
SUNCLAY,Tier 3
SUNDARMFIN,Tier 2
SUNDRMFAST,Tier 1
SUNDROP,Tier 1
SUNFLAG,Tier 3
SUNPHARMA,Tier 1
SUNTECK,Tier 1
SUNTV,Tier 3
SUPRAJIT,Tier 1
SUPREMEIND,Tier 1
SUPRIYA,Tier 1
SURYAROSNI,Tier 1
SURYODAY,Tier 1
SUVEN,Tier 3
SUZLON,Tier 1
SWANCORP,Tier 3
SWANDEF,Tier 3
SWARAJENG,Tier 3
SWIGGY,Tier 1
SWSOLAR,Tier 1
SYMPHONY,Tier 1
SYNGENE,Tier 1
SYRMA,Tier 1
TAJGVK,Tier 3
TALBROAUTO,Tier 1
TANLA,Tier 1
TARC,Tier 2
TARIL,Tier 1
TASTYBITE,Tier 3
TATACAP,Tier 0.5
TATACHEM,Tier 1
TATACOMM,Tier 1
TATACONSUM,Tier 1
TATAELXSI,Tier 1
TATAINVEST,Tier 3
TATAPOWER,Tier 1
TATASTEEL,Tier 1
TATATECH,Tier 1
TATVA,Tier 1
TBOTEK,Tier 1
TCC,Tier 3
TCI,Tier 1
TCIEXP,Tier 1
TCPLPACK,Tier 1
TCS,Tier 1
TDPOWERSYS,Tier 1
TEAMLEASE,Tier 1
TECHM,Tier 1
TECHNOE,Tier 1
TECHNVISN,Tier 3
TEGA,Tier 1
TEJASNET,Tier 1
TENNIND,Tier 0.5
TEXRAIL,Tier 1
TFCILTD,Tier 2
THANGAMAYL,Tier 3
THEJO,Tier 3
THELEELA,Tier 1
THERMAX,Tier 1
THOMASCOOK,Tier 1
THYROCARE,Tier 1
TI,Tier 1
TIIL,Tier 1
TIINDIA,Tier 1
TIL,Tier 2
TIMETECHNO,Tier 1
TIMEX,Tier 2
TIMKEN,Tier 1
TINNARUBR,Tier 1
TIPSMUSIC,Tier 1
TIRUMALCHM,Tier 3
TITAGARH,Tier 1
TITAN,Tier 1
TMB,Tier 1
TMCV,Tier 0.5
TMPV,Tier 1
TORNTPHARM,Tier 1
TORNTPOWER,Tier 1
TRANSRAILL,Tier 1
TRAVELFOOD,Tier 1
TRENT,Tier 2
TRIDENT,Tier 2
TRITURBINE,Tier 1
TRIVENI,Tier 1
TRUALT,Tier 0.5
TSFINV,Tier 3
TTKPRESTIG,Tier 1
TTML,Tier 3
TVSHLTD,Tier 3
TVSMOTOR,Tier 1
TVSSCS,Tier 1
TVSSRICHAK,Tier 3
UBL,Tier 1
UCOBANK,Tier 1
UEL,Tier 3
UFBL,Tier 1
UFLEX,Tier 1
UGROCAP,Tier 1
UJJIVANSFB,Tier 1
ULTRACEMCO,Tier 1
UNICHEMLAB,Tier 3
UNIMECH,Tier 1
UNIONBANK,Tier 1
UNIPARTS,Tier 1
UNITDSPR,Tier 1
UNIVCABLES,Tier 3
UNOMINDA,Tier 1
UPL,Tier 1
URBANCO,Tier 0.5
USHAMART,Tier 1
UTIAMC,Tier 1
UTKARSHBNK,Tier 1
UTLSOLAR,Tier 0.5
V2RETAIL,Tier 1
VADILALIND,Tier 3
VAIBHAVGBL,Tier 1
VAML,Tier 0
VARROC,Tier 1
VBL,Tier 1
VEDL,Tier 1
VEDPOWER,Tier 0
VEEDOL,Tier 3
VENKEYS,Tier 1
VENTIVE,Tier 1
VENUSPIPES,Tier 1
VENUSREM,Tier 3
VERANDA,Tier 1
VESUVIUS,Tier 3
VGUARD,Tier 1
VIDYAWIRES,Tier 0
VIJAYA,Tier 1
VIKRAMSOLR,Tier 1
VIKRAN,Tier 2
VIMTALABS,Tier 1
VINATIORGA,Tier 3
VINCOFE,Tier 2
VINDHYATEL,Tier 3
VIPIND,Tier 1
VISHNU,Tier 1
VISL,Tier 0
VIYASH,Tier 1
VMART,Tier 1
VMM,Tier 1
VOGL,Tier 0
VOLTAMP,Tier 3
VOLTAS,Tier 1
VRLLOG,Tier 1
VSSL,Tier 1
VSTIND,Tier 3
VSTTILLERS,Tier 1
VTL,Tier 1
WAAREEENER,Tier 1
WAAREEINDO,Tier 3
WAAREERTL,Tier 1
WABAG,Tier 1
WAKEFIT,Tier 0.5
WALCHANNAG,Tier 3
WEBELSOLAR,Tier 2
WELCORP,Tier 1
WELENT,Tier 1
WELSPLSOL,Tier 1
WELSPUNLIV,Tier 1
WENDT,Tier 3
WESTLIFE,Tier 1
WEWORK,Tier 0.5
WHEELS,Tier 1
WHIRLPOOL,Tier 1
WINDLAS,Tier 1
WINDMACHIN,Tier 3
WIPRO,Tier 1
WOCKPHARMA,Tier 2
WONDERLA,Tier 1
WPIL,Tier 1
WSTCSTPAPR,Tier 3
XPROINDIA,Tier 3
YASHO,Tier 1
YATHARTH,Tier 1
YATRA,Tier 1
YESBANK,Tier 1
ZAGGLE,Tier 1
ZEEL,Tier 1
ZENSARTECH,Tier 1
ZENTEC,Tier 1
ZFCVINDIA,Tier 1
ZOTA,Tier 1
ZYDUSLIFE,Tier 1
ZYDUSWELL,Tier 1